CMS Certification Number (CCN),Provider Name,Owner Name,Role played by Owner or Manager in Facility,Ownership Percentage,Association Date
315128,MOUNT HOLLY REHABILITATION AND HEALTHCARE CENTER,TRYKO NEXGEN HOLDINGS LLC,5% OR GREATER INDIRECT OWNERSHIP INTEREST,56.8,2022-04-28
315128,MOUNT HOLLY REHABILITATION AND HEALTHCARE CENTER,TRYKO NEXGEN HOLDINGS LLC,ADP OF THE SNF,,2022-04-28
315128,MOUNT HOLLY REHABILITATION AND HEALTHCARE CENTER,"HARMAN, DINA",MANAGING CONTROL - GOVERNING BODY,,2022-04-28
315128,MOUNT HOLLY REHABILITATION AND HEALTHCARE CENTER,"HARMAN, DINA",ADP OF THE SNF,,2022-04-28
315128,MOUNT HOLLY REHABILITATION AND HEALTHCARE CENTER,RELIANT PRO REHAB LLC,OPERATIONAL/MANAGERIAL CONTROL,,2022-04-28
315128,MOUNT HOLLY REHABILITATION AND HEALTHCARE CENTER,RELIANT PRO REHAB LLC,ADP OF THE SNF,,2025-03-13
315128,MOUNT HOLLY REHABILITATION AND HEALTHCARE CENTER,YR NEXGEN TR,5% OR GREATER INDIRECT OWNERSHIP INTEREST,28.4,2022-04-28
315128,MOUNT HOLLY REHABILITATION AND HEALTHCARE CENTER,YR NEXGEN TR,ADP OF THE SNF,,2022-04-28
315128,MOUNT HOLLY REHABILITATION AND HEALTHCARE CENTER,MARQUIS LIMITED LLC,OPERATIONAL/MANAGERIAL CONTROL,,2022-04-28
315128,MOUNT HOLLY REHABILITATION AND HEALTHCARE CENTER,MARQUIS LIMITED LLC,ADP OF THE SNF,,2025-03-13
315128,MOUNT HOLLY REHABILITATION AND HEALTHCARE CENTER,SK NEXGEN TR,5% OR GREATER INDIRECT OWNERSHIP INTEREST,14.2,2022-04-28
315128,MOUNT HOLLY REHABILITATION AND HEALTHCARE CENTER,SK NEXGEN TR,ADP OF THE SNF,,2022-04-28
315128,MOUNT HOLLY REHABILITATION AND HEALTHCARE CENTER,"POSEN, MINDEE",CORPORATE OFFICER,,2022-04-28
315128,MOUNT HOLLY REHABILITATION AND HEALTHCARE CENTER,"POSEN, MINDEE",ADP OF THE SNF,,2022-04-28
315128,MOUNT HOLLY REHABILITATION AND HEALTHCARE CENTER,TD BANK N.A.,5% OR GREATER SECURITY INTEREST,75,2022-04-28
315128,MOUNT HOLLY REHABILITATION AND HEALTHCARE CENTER,RSBRMK HOLDINGS LLC,5% OR GREATER INDIRECT OWNERSHIP INTEREST,21.8,2022-04-28
315128,MOUNT HOLLY REHABILITATION AND HEALTHCARE CENTER,RSBRMK HOLDINGS LLC,ADP OF THE SNF,,2022-04-28
315128,MOUNT HOLLY REHABILITATION AND HEALTHCARE CENTER,NFR 2020 IRRV TR,5% OR GREATER INDIRECT OWNERSHIP INTEREST,21.8,2022-04-28
315128,MOUNT HOLLY REHABILITATION AND HEALTHCARE CENTER,NFR 2020 IRRV TR,ADP OF THE SNF,,2022-04-28
315128,MOUNT HOLLY REHABILITATION AND HEALTHCARE CENTER,YK NEXGEN TR,5% OR GREATER INDIRECT OWNERSHIP INTEREST,14.2,2022-04-28
315128,MOUNT HOLLY REHABILITATION AND HEALTHCARE CENTER,YK NEXGEN TR,ADP OF THE SNF,,2022-04-28
315128,MOUNT HOLLY REHABILITATION AND HEALTHCARE CENTER,"BAUER, GARY",MANAGING CONTROL - GOVERNING BODY,,2022-04-28
315128,MOUNT HOLLY REHABILITATION AND HEALTHCARE CENTER,"BAUER, GARY",ADP OF THE SNF,,2022-04-28
315128,MOUNT HOLLY REHABILITATION AND HEALTHCARE CENTER,"DALLOS, TIMOTHY",CORPORATE DIRECTOR,,2024-10-01
315128,MOUNT HOLLY REHABILITATION AND HEALTHCARE CENTER,"DALLOS, TIMOTHY",OPERATIONAL/MANAGERIAL CONTROL,,2024-10-01
315128,MOUNT HOLLY REHABILITATION AND HEALTHCARE CENTER,"DALLOS, TIMOTHY",MANAGING CONTROL - GOVERNING BODY,,2024-10-01
315128,MOUNT HOLLY REHABILITATION AND HEALTHCARE CENTER,"DALLOS, TIMOTHY",ADP OF THE SNF,,2024-10-01
315128,MOUNT HOLLY REHABILITATION AND HEALTHCARE CENTER,UKR NEXGEN LLC,5% OR GREATER DIRECT OWNERSHIP INTEREST,20,2022-04-28
315128,MOUNT HOLLY REHABILITATION AND HEALTHCARE CENTER,UKR NEXGEN LLC,ADP OF THE SNF,,2022-04-28
315128,MOUNT HOLLY REHABILITATION AND HEALTHCARE CENTER,"VIROJA, YOGESH V",MANAGING CONTROL - GOVERNING BODY,,2022-04-28
315128,MOUNT HOLLY REHABILITATION AND HEALTHCARE CENTER,"VIROJA, YOGESH V",ADP OF THE SNF,,2022-04-28
315128,MOUNT HOLLY REHABILITATION AND HEALTHCARE CENTER,"BOLLAMPALLY, SOUMYA",OPERATIONAL/MANAGERIAL CONTROL,,2022-04-28
315128,MOUNT HOLLY REHABILITATION AND HEALTHCARE CENTER,"BOLLAMPALLY, SOUMYA",ADP OF THE SNF,,2022-04-28
315128,MOUNT HOLLY REHABILITATION AND HEALTHCARE CENTER,UAK 2020 IRRV TR,5% OR GREATER INDIRECT OWNERSHIP INTEREST,20,2022-04-28
315128,MOUNT HOLLY REHABILITATION AND HEALTHCARE CENTER,UAK 2020 IRRV TR,ADP OF THE SNF,,2022-04-28
315128,MOUNT HOLLY REHABILITATION AND HEALTHCARE CENTER,QUINTO NEXGEN LLC,5% OR GREATER DIRECT OWNERSHIP INTEREST,78.6,2022-04-28
315128,MOUNT HOLLY REHABILITATION AND HEALTHCARE CENTER,QUINTO NEXGEN LLC,ADP OF THE SNF,,2022-04-28
315128,MOUNT HOLLY REHABILITATION AND HEALTHCARE CENTER,NUTRACO LLC,OPERATIONAL/MANAGERIAL CONTROL,,2024-09-12
315128,MOUNT HOLLY REHABILITATION AND HEALTHCARE CENTER,NUTRACO LLC,ADP OF THE SNF,,2025-03-13
315128,MOUNT HOLLY REHABILITATION AND HEALTHCARE CENTER,MOUNT HOLLY REAL PROPERTY LLC,ADP OF THE SNF,,2022-04-28
