ccn,provider_name,state,city,county,ownership_type,avg_residents_per_day,overall_rating,reported_na_hrs_per_resident_per_day,reported_lpn_hrs_per_resident_per_day,reported_rn_hrs_per_resident_per_day,reported_licensed_hrs_per_resident_per_day,reported_total_nurse_hrs_per_resident_per_day,weekend_total_nurse_hrs_per_resident_per_day,weekend_rn_hrs_per_resident_per_day,reported_pt_hrs_per_resident_per_day,case_mix_na_hrs_per_resident_per_day,case_mix_lpn_hrs_per_resident_per_day,case_mix_rn_hrs_per_resident_per_day,case_mix_total_nurse_hrs_per_resident_per_day,case_mix_weekend_total_nurse_hrs_per_resident_per_day,adjusted_na_hrs_per_resident_per_day,adjusted_lpn_hrs_per_resident_per_day,adjusted_rn_hrs_per_resident_per_day,adjusted_total_nurse_hrs_per_resident_per_day,adjusted_weekend_total_nurse_hrs_per_resident_per_day,processing_date,quarter,staffing_rating,health_inspection_rating,total_nursing_staff_turnover,registered_nurse_turnover,provider_changed_ownership_in_last_12_months
495241,CONCORDIA TRANSITIONAL CARE AND REHAB-RIVER POINTE,VA,VIRGINIA BEACH,Virginia Beach City,For Profit - Corporation,125.0,2.0,0.0,1.888,0.9148,2.8028,2.8028,,,0.0236,2.37734,0.68043,1.06845,4.12622,,0.0,2.30302,0.63975,2.73805,,2018-01-01,,2.0,2.0,,,
495241,CONCORDIA TRANSITIONAL CARE AND REHAB-RIVER POINTE,,,,For Profit - Corporation,,1.0,,1.888,0.9148,2.8028,2.8028,,,0.0236,,0.68043,1.06845,4.12622,,,2.30302,0.63975,2.73805,,2018-02-01,,2.0,1.0,,,Y
495241,CONCORDIA TRANSITIONAL CARE AND REHAB-RIVER POINTE,VA,VIRGINIA BEACH,Virginia Beach City,For Profit - Corporation,125.0,1.0,0.0,1.888,0.9148,2.8028,2.8028,,,0.0236,2.37734,0.68043,1.06845,4.12622,,0.0,2.30302,0.63975,2.73805,,2018-03-01,,2.0,1.0,,,
495241,CONCORDIA TRANSITIONAL CARE AND REHAB-RIVER POINTE,VA,VIRGINIA BEACH,Virginia Beach City,For Profit - Corporation,123.6,2.0,1.82863,0.92512,0.52,1.44512,3.27375,,,0.0487,1.93363,0.70388,0.35478,2.99229,,1.97579,0.99737,0.55758,3.5322,,2018-04-01,2017Q4,3.0,1.0,,,
495241,CONCORDIA TRANSITIONAL CARE AND REHAB-RIVER POINTE,VA,VIRGINIA BEACH,Virginia Beach City,For Profit - Corporation,123.6,2.0,1.82863,0.92512,0.52,1.44512,3.27375,,,0.0487,1.93363,0.70388,0.35478,2.99229,,1.97579,0.99737,0.55758,3.5322,,2018-05-01,2017Q4,3.0,1.0,,,
495241,CONCORDIA TRANSITIONAL CARE AND REHAB-RIVER POINTE,VA,VIRGINIA BEACH,Virginia Beach City,For Profit - Corporation,123.6,2.0,1.82863,0.92512,0.52,1.44512,3.27375,,,0.0487,1.93363,0.70388,0.35478,2.99229,,1.97579,0.99737,0.55758,3.5322,,2018-06-01,2017Q4,3.0,1.0,,,
495241,CONCORDIA TRANSITIONAL CARE AND REHAB-RIVER POINTE,VA,VIRGINIA BEACH,Virginia Beach City,For Profit - Corporation,124.4,2.0,1.72756,0.97184,0.46515,1.43698,3.16455,,,0.04817,1.9184,0.71719,0.35192,2.98752,,1.87828,1.01982,0.49731,3.40512,,2018-07-01,2018Q1,3.0,1.0,,,
495241,CONCORDIA TRANSITIONAL CARE AND REHAB-RIVER POINTE,VA,VIRGINIA BEACH,Virginia Beach City,For Profit - Corporation,124.4,2.0,1.72756,0.97184,0.46515,1.43698,3.16455,,,0.04817,1.9184,0.71719,0.35192,2.98752,,1.87828,1.01982,0.49731,3.40512,,2018-08-01,2018Q1,3.0,1.0,,,
495241,CONCORDIA TRANSITIONAL CARE AND REHAB-RIVER POINTE,VA,VIRGINIA BEACH,Virginia Beach City,For Profit - Corporation,124.4,2.0,1.72756,0.97184,0.46515,1.43698,3.16455,,,0.04817,1.9184,0.71719,0.35192,2.98752,,1.87828,1.01982,0.49731,3.40512,,2018-09-01,2018Q1,3.0,1.0,,,
495241,CONCORDIA TRANSITIONAL CARE AND REHAB-RIVER POINTE,VA,VIRGINIA BEACH,Virginia Beach City,For Profit - Corporation,128.0,2.0,1.95457,0.97021,0.48506,1.45527,3.40983,,,0.04826,1.98546,0.73086,0.36243,3.07874,,2.05396,0.99755,0.50194,3.55844,,2018-10-01,2018Q2,3.0,1.0,,,
495241,CONCORDIA TRANSITIONAL CARE AND REHAB-RIVER POINTE,VA,VIRGINIA BEACH,Virginia Beach City,For Profit - Corporation,128.0,2.0,1.95457,0.97021,0.48506,1.45527,3.40983,,,0.04826,1.98546,0.73086,0.36243,3.07874,,2.05396,0.99755,0.50194,3.55844,,2018-11-01,2018Q2,3.0,1.0,,,
495241,CONCORDIA TRANSITIONAL CARE AND REHAB-RIVER POINTE,VA,VIRGINIA BEACH,Virginia Beach City,For Profit - Corporation,128.0,2.0,1.95457,0.97021,0.48506,1.45527,3.40983,,,0.04826,1.98546,0.73086,0.36243,3.07874,,2.05396,0.99755,0.50194,3.55844,,2018-12-01,2018Q2,3.0,1.0,,,
495241,CONCORDIA TRANSITIONAL CARE AND REHAB-RIVER POINTE,VA,VIRGINIA BEACH,Virginia Beach City,For Profit - Corporation,133.2,2.0,1.87039,0.89514,0.43703,1.33217,3.20257,,,0.0493,1.99735,0.72686,0.35641,3.08061,,1.95177,0.92464,0.45939,3.33676,,2019-01-01,2018Q3,3.0,1.0,,,
495241,CONCORDIA TRANSITIONAL CARE AND REHAB-RIVER POINTE,VA,VIRGINIA BEACH,Virginia Beach City,For Profit - Corporation,133.2,2.0,1.87039,0.89514,0.43703,1.33217,3.20257,,,0.0493,1.99735,0.72686,0.35641,3.08061,,1.95177,0.92464,0.45939,3.33676,,2019-02-01,2018Q3,3.0,1.0,,,
495241,CONCORDIA TRANSITIONAL CARE AND REHAB-RIVER POINTE,VA,VIRGINIA BEACH,Virginia Beach City,For Profit - Corporation,133.2,2.0,1.87039,0.89514,0.43703,1.33217,3.20257,,,0.0493,1.99735,0.72686,0.35641,3.08061,,1.95177,0.92464,0.45939,3.33676,,2019-03-01,2018Q3,3.0,1.0,,,
495241,CONCORDIA TRANSITIONAL CARE AND REHAB-RIVER POINTE,VA,VIRGINIA BEACH,Virginia Beach City,For Profit - Corporation,132.5,2.0,1.75929,0.90621,0.3791,1.28531,3.0446,,,0.03641,2.04063,0.76164,0.38596,3.18823,,1.79483,0.89289,0.36798,3.06246,,2019-04-01,2018Q4,2.0,2.0,,,
495241,CONCORDIA TRANSITIONAL CARE AND REHAB-RIVER POINTE,VA,VIRGINIA BEACH,Virginia Beach City,For Profit - Corporation,132.5,2.0,1.75929,0.90621,0.3791,1.28531,3.0446,,,0.03641,2.04063,0.76164,0.38596,3.18823,,1.79483,0.89289,0.36798,3.06246,,2019-05-01,2018Q4,2.0,2.0,,,
495241,CONCORDIA TRANSITIONAL CARE AND REHAB-RIVER POINTE,VA,VIRGINIA BEACH,Virginia Beach City,For Profit - Corporation,132.5,2.0,1.75929,0.90621,0.3791,1.28531,3.0446,,,0.03641,2.04063,0.76164,0.38596,3.18823,,1.79483,0.89289,0.36798,3.06246,,2019-06-01,2018Q4,2.0,2.0,,,
495241,CONCORDIA TRANSITIONAL CARE AND REHAB-RIVER POINTE,VA,VIRGINIA BEACH,Virginia Beach City,For Profit - Corporation,123.3,2.0,1.99633,1.03905,0.35247,1.39152,3.38785,,,0.04303,2.03589,0.74664,0.40243,3.18496,,2.04078,1.04814,0.33027,3.41606,,2019-07-01,2019Q1,2.0,2.0,,,
495241,CONCORDIA TRANSITIONAL CARE AND REHAB-RIVER POINTE,VA,VIRGINIA BEACH,Virginia Beach City,For Profit - Corporation,123.3,2.0,1.99633,1.03905,0.35247,1.39152,3.38785,,,0.04303,2.03589,0.74664,0.40243,3.18496,,2.04078,1.04814,0.33027,3.41606,,2019-08-01,2019Q1,2.0,2.0,,,
495241,CONCORDIA TRANSITIONAL CARE AND REHAB-RIVER POINTE,VA,VIRGINIA BEACH,Virginia Beach City,For Profit - Corporation,123.3,2.0,1.99633,1.03905,0.35247,1.39152,3.38785,,,0.04303,2.03589,0.74664,0.40243,3.18496,,2.04078,1.04814,0.33027,3.41606,,2019-09-01,2019Q1,2.0,2.0,,,
495241,ACCORDIUS HEALTH AT RIVER POINTE LLC,VA,VIRGINIA BEACH,Virginia Beach City,For Profit - Corporation,117.4,2.0,2.01471,0.98233,0.39696,1.37929,3.394,,,0.0,2.03528,0.74977,0.38738,3.17242,,2.06046,0.98822,0.38768,3.43857,,2019-10-01,2019Q2,2.0,2.0,,,
495241,ACCORDIUS HEALTH AT RIVER POINTE LLC,VA,VIRGINIA BEACH,Virginia Beach City,For Profit - Corporation,117.4,1.0,2.01471,0.98233,0.39696,1.37929,3.394,,,0.0,2.03528,0.74977,0.38738,3.17242,,2.06046,0.98822,0.38768,3.43857,,2019-11-01,2019Q2,2.0,1.0,,,
495241,ACCORDIUS HEALTH AT RIVER POINTE LLC,VA,VIRGINIA BEACH,Virginia Beach City,For Profit - Corporation,112.6,1.0,1.8182,0.96334,0.35657,1.3199,3.1381,,,0.00527,1.95449,0.6956,0.34109,2.99118,,1.93341,1.04137,0.39346,3.36417,,2020-01-01,2019Q3,2.0,1.0,,,
495241,ACCORDIUS HEALTH AT RIVER POINTE LLC,VA,VIRGINIA BEACH,Virginia Beach City,For Profit - Corporation,112.6,1.0,1.8182,0.96334,0.35657,1.3199,3.1381,,,0.00527,1.95449,0.6956,0.34109,2.99118,,1.93341,1.04137,0.39346,3.36417,,2020-02-01,2019Q3,2.0,1.0,,,
495241,ACCORDIUS HEALTH AT RIVER POINTE LLC,VA,VIRGINIA BEACH,Virginia Beach City,For Profit - Corporation,112.6,1.0,1.8182,0.96334,0.35657,1.3199,3.1381,,,0.00527,1.95449,0.6956,0.34109,2.99118,,1.93341,1.04137,0.39346,3.36417,,2020-03-01,2019Q3,2.0,1.0,,,
495241,ACCORDIUS HEALTH AT RIVER POINTE LLC,VA,VIRGINIA BEACH,Virginia Beach City,For Profit - Corporation,109.7,1.0,1.72804,1.08381,0.29481,1.37861,3.10665,,,0.00139,1.95449,0.6956,0.34109,2.99118,,1.83753,1.17159,0.32531,3.33045,,2020-04-01,2019Q4,2.0,1.0,,,
495241,ACCORDIUS HEALTH AT RIVER POINTE LLC,VA,VIRGINIA BEACH,Virginia Beach City,For Profit - Corporation,109.7,1.0,1.72804,1.08381,0.29481,1.37861,3.10665,,,0.00139,1.95449,0.6956,0.34109,2.99118,,1.83753,1.17159,0.32531,3.33045,,2020-05-01,2019Q4,2.0,1.0,,,
495241,ACCORDIUS HEALTH AT RIVER POINTE LLC,VA,VIRGINIA BEACH,Virginia Beach City,For Profit - Corporation,109.7,1.0,1.72804,1.08381,0.29481,1.37861,3.10665,,,0.00139,1.95449,0.6956,0.34109,2.99118,,1.83753,1.17159,0.32531,3.33045,,2020-06-01,2019Q4,2.0,1.0,,,
495241,ACCORDIUS HEALTH AT RIVER POINTE LLC,VA,VIRGINIA BEACH,Virginia Beach City,For Profit - Corporation,109.7,1.0,1.72804,1.08381,0.29481,1.37861,3.10665,,,0.00139,1.95449,0.6956,0.34109,2.99118,,1.83753,1.17159,0.32531,3.33045,,2020-07-01,2019Q4,2.0,1.0,,,
495241,ACCORDIUS HEALTH AT RIVER POINTE LLC,,,,For Profit - Corporation,109.7,1.0,1.72804,1.08381,0.29481,1.37861,3.10665,,,0.00139,1.95449,0.6956,0.34109,2.99118,,1.83753,1.17159,0.32531,3.33045,,2020-08-01,2019Q4,2.0,1.0,,,N
495241,ACCORDIUS HEALTH AT RIVER POINTE LLC,,,,For Profit - Corporation,109.7,1.0,1.72804,1.08381,0.29481,1.37861,3.10665,,,0.00139,1.95449,0.6956,0.34109,2.99118,,1.83753,1.17159,0.32531,3.33045,,2020-09-01,2019Q4,2.0,1.0,,,N
495241,ACCORDIUS HEALTH AT RIVER POINTE LLC,,,,For Profit - Corporation,100.1,1.0,1.43585,1.18989,0.25917,1.44906,2.8849,,,0.01257,1.95948,0.70111,0.33334,2.99393,,1.51275,1.25178,0.30025,3.07208,,2020-10-01,2020Q2,1.0,1.0,,,N
495241,ACCORDIUS HEALTH AT RIVER POINTE LLC,,,,For Profit - Corporation,100.1,1.0,1.43585,1.18989,0.25917,1.44906,2.8849,,,0.01257,1.95948,0.70111,0.33334,2.99393,,1.51275,1.25178,0.30025,3.07208,,2020-11-01,2020Q2,1.0,1.0,,,N
495241,ACCORDIUS HEALTH AT RIVER POINTE LLC,,,,For Profit - Corporation,100.1,1.0,1.43585,1.18989,0.25917,1.44906,2.8849,,,0.01257,1.95948,0.70111,0.33334,2.99393,,1.51275,1.25178,0.30025,3.07208,,2020-11-01,2020Q2,1.0,1.0,,,N
495241,ACCORDIUS HEALTH AT RIVER POINTE LLC,,,,For Profit - Corporation,85.3,1.0,1.7909,1.11892,0.42337,1.54229,3.33319,,,0.03475,1.92842,0.75442,0.49826,3.1811,,1.91592,1.09883,0.33485,3.35089,,2021-01-01,2020Q3,2.0,1.0,,,N
495241,ACCORDIUS HEALTH AT RIVER POINTE LLC,,,,For Profit - Corporation,85.3,1.0,1.7909,1.11892,0.42337,1.54229,3.33319,,,0.03475,1.92842,0.75442,0.49826,3.1811,,1.91592,1.09883,0.33485,3.35089,,2021-02-01,2020Q3,2.0,1.0,,,N
495241,ACCORDIUS HEALTH AT RIVER POINTE LLC,,,,For Profit - Corporation,85.3,1.0,1.7909,1.11892,0.42337,1.54229,3.33319,,,0.03475,1.92842,0.75442,0.49826,3.1811,,1.91592,1.09883,0.33485,3.35089,,2021-03-01,2020Q3,2.0,1.0,,,N
495241,ACCORDIUS HEALTH AT RIVER POINTE LLC,,,,For Profit - Corporation,85.1,1.0,1.64855,1.29658,0.40647,1.70304,3.35159,,,0.04678,1.91444,0.75458,0.46815,3.13717,,1.77286,1.27308,0.34747,3.41861,,2021-04-01,2020Q4,2.0,1.0,,,N
495241,ACCORDIUS HEALTH AT RIVER POINTE LLC,,,,For Profit - Corporation,85.1,1.0,1.64855,1.29658,0.40647,1.70304,3.35159,,,0.04678,1.91444,0.75458,0.46815,3.13717,,1.77286,1.27308,0.34747,3.41861,,2021-05-01,2020Q4,2.0,1.0,,,N
495241,ACCORDIUS HEALTH AT RIVER POINTE LLC,,,,For Profit - Corporation,85.1,1.0,1.64855,1.29658,0.40647,1.70304,3.35159,,,0.04678,1.91444,0.75458,0.46815,3.13717,,1.77286,1.27308,0.34747,3.41861,,2021-06-01,2020Q4,2.0,1.0,,,N
495241,ACCORDIUS HEALTH AT RIVER POINTE LLC,,,,For Profit - Corporation,81.2,1.0,1.68875,1.36809,0.33308,1.70118,3.38993,,,0.0395,1.90257,0.74269,0.37744,3.0227,,1.82554,1.37188,0.36259,3.60257,,2021-07-01,2021Q1,2.0,1.0,,,N
495241,ACCORDIUS HEALTH AT RIVER POINTE LLC,,,,For Profit - Corporation,81.2,1.0,1.68875,1.36809,0.33308,1.70118,3.38993,,,0.0395,1.90257,0.74269,0.37744,3.0227,,1.82554,1.37188,0.36259,3.60257,,2021-08-01,2021Q1,2.0,1.0,,,N
495241,ACCORDIUS HEALTH AT RIVER POINTE LLC,,,,For Profit - Corporation,81.2,1.0,1.68875,1.36809,0.33308,1.70118,3.38993,,,0.0395,1.90257,0.74269,0.37744,3.0227,,1.82554,1.37188,0.36259,3.60257,,2021-09-01,2021Q1,2.0,1.0,,,N
495241,ACCORDIUS HEALTH AT RIVER POINTE LLC,,,,For Profit - Corporation,76.4,1.0,1.63654,1.44591,0.38052,1.82642,3.46297,,,0.04004,1.95515,0.77938,0.41909,3.15361,,1.72135,1.37524,0.34647,3.49121,,2021-10-01,2021Q2,2.0,1.0,,,N
495241,ACCORDIUS HEALTH AT RIVER POINTE LLC,,,,For Profit - Corporation,76.4,1.0,1.63654,1.44591,0.38052,1.82642,3.46297,,,0.04004,1.95515,0.77938,0.41909,3.15361,,1.72135,1.37524,0.34647,3.49121,,2021-10-01,2021Q2,2.0,1.0,,,N
495241,ACCORDIUS HEALTH AT RIVER POINTE LLC,,,,For Profit - Corporation,76.4,1.0,1.63654,1.44591,0.38052,1.82642,3.46297,,,0.04004,1.95515,0.77938,0.41909,3.15361,,1.72135,1.37524,0.34647,3.49121,,2021-11-01,2021Q2,2.0,1.0,,,N
495241,THALIA GARDENS REHABILITATION AND NURSING,,,,For Profit - Corporation,85.9,1.0,,,,,,,,,,,,,,,,,,,2022-01-01,2021Q3,1.0,1.0,,,N
495241,THALIA GARDENS REHABILITATION AND NURSING,,,,For Profit - Corporation,85.9,1.0,,,,,,,,,,,,,,,,,,,2022-02-01,2021Q3,1.0,1.0,,,N
495241,THALIA GARDENS REHABILITATION AND NURSING,,,,For Profit - Corporation,85.9,1.0,,,,,,,,,,,,,,,,,,,2022-03-01,2021Q3,1.0,1.0,,,N
495241,THALIA GARDENS REHABILITATION AND NURSING,,,,For Profit - Corporation,85.0,1.0,1.71264,1.28223,0.36947,1.65171,3.36435,2.90304,0.12864,0.04151,1.98491,0.76682,0.3984,3.15013,,1.76267,1.22799,0.34904,3.3681,,2022-04-01,2021Q4,2.0,1.0,,,N
495241,THALIA GARDENS REHABILITATION AND NURSING,,,,For Profit - Corporation,85.0,1.0,1.71264,1.28223,0.36947,1.65171,3.36435,2.90304,0.12864,0.04151,1.98491,0.76682,0.3984,3.15013,,1.76267,1.22799,0.34904,3.3681,,2022-05-01,2021Q4,2.0,1.0,,,N
495241,THALIA GARDENS REHABILITATION AND NURSING,,,,For Profit - Corporation,85.0,1.0,1.71264,1.28223,0.36947,1.65171,3.36435,2.90304,0.12864,0.04151,1.98491,0.76682,0.3984,3.15013,,1.76267,1.22799,0.34904,3.3681,,2022-06-01,2021Q4,2.0,1.0,,,N
495241,THALIA GARDENS REHABILITATION AND NURSING,,,,For Profit - Corporation,106.5,1.0,1.66437,1.17765,0.31686,1.4945,3.15887,2.6366,0.12807,0.10026,2.02469,0.74679,0.37333,3.14481,,1.67436,1.16046,0.33427,3.18074,,2022-07-01,2022Q1,1.0,1.0,,,N
495241,THALIA GARDENS REHABILITATION AND NURSING,,,,For Profit - Corporation,106.5,1.0,1.66437,1.17765,0.31686,1.4945,3.15887,2.6366,0.12807,0.10026,2.02469,0.74679,0.37333,3.14481,,1.67436,1.16046,0.33427,3.18074,2.65485,2022-08-01,2022Q1,1.0,1.0,,,N
495241,THALIA GARDENS REHABILITATION AND NURSING,,,,For Profit - Corporation,106.5,1.0,1.66437,1.17765,0.31686,1.4945,3.15887,2.6366,0.12807,0.10026,2.02469,0.74679,0.37333,3.14481,,1.67436,1.16046,0.33427,3.18074,2.65485,2022-09-01,2022Q1,1.0,1.0,,,N
495241,THALIA GARDENS REHABILITATION AND NURSING,,,,For Profit - Corporation,108.0,1.0,1.74952,1.08813,0.31854,1.40666,3.15619,2.73522,0.17597,0.08272,2.10476,0.78076,0.40617,3.29169,,1.69551,1.02591,0.29793,3.02589,2.6223,2022-10-01,2022Q2,1.0,1.0,,,N
495241,THALIA GARDENS REHABILITATION AND NURSING,,,,For Profit - Corporation,108.0,1.0,1.74952,1.08813,0.31854,1.40666,3.15619,2.73522,0.17597,0.08272,2.10476,0.78076,0.40617,3.29169,,1.69551,1.02591,0.29793,3.02589,2.6223,2022-10-01,2022Q2,1.0,1.0,,,N
495241,THALIA GARDENS REHABILITATION AND NURSING,,,,For Profit - Corporation,108.0,1.0,1.74952,1.08813,0.31854,1.40666,3.15619,2.73522,0.17597,0.08272,2.10476,0.78076,0.40617,3.29169,,1.69551,1.02591,0.29793,3.02589,2.6223,2022-11-01,2022Q2,1.0,1.0,,,N
495241,THALIA GARDENS REHABILITATION AND NURSING,,,,For Profit - Corporation,109.2,1.0,1.83345,1.1253,0.38193,1.50724,3.34069,2.7955,0.2303,0.08307,2.10455,0.83796,0.51201,3.45452,,1.77495,0.98797,0.2871,3.0539,2.55552,2023-01-01,2022Q3,1.0,1.0,,,N
495241,THALIA GARDENS REHABILITATION AND NURSING,,,,For Profit - Corporation,109.2,1.0,1.83345,1.1253,0.38193,1.50724,3.34069,2.7955,0.2303,0.08307,2.10455,0.83796,0.51201,3.45452,,1.77495,0.98797,0.2871,3.0539,2.55552,2023-02-01,2022Q3,1.0,1.0,,,N
495241,THALIA GARDENS REHABILITATION AND NURSING,,,,For Profit - Corporation,109.2,1.0,1.83345,1.1253,0.38193,1.50724,3.34069,2.7955,0.2303,0.08307,2.10455,0.83796,0.51201,3.45452,,1.77495,0.98797,0.2871,3.0539,2.55552,2023-03-01,2022Q3,1.0,1.0,,,N
495241,THALIA GARDENS REHABILITATION AND NURSING,,,,For Profit - Corporation,113.9,1.0,1.66791,0.97464,0.36852,1.34316,3.01108,2.32123,0.32246,0.05793,2.00071,0.77474,0.44607,3.22152,,1.69738,0.92642,0.31961,2.95295,2.27642,2023-04-01,2022Q4,1.0,1.0,,,N
495241,THALIA GARDENS REHABILITATION AND NURSING,,,,For Profit - Corporation,113.9,1.0,1.66791,0.97464,0.36852,1.34316,3.01108,2.32123,0.32246,0.05793,2.00071,0.77474,0.44607,3.22152,,1.69738,0.92642,0.31961,2.95295,2.27642,2023-05-01,2022Q4,1.0,1.0,,,N
495241,THALIA GARDENS REHABILITATION AND NURSING,VA,VIRGINIA BEACH,Virginia Beach City,For Profit - Corporation,113.9,1.0,1.66791,0.97464,0.36852,1.34316,3.01108,2.32123,0.32246,0.05793,2.00071,0.77474,0.44607,3.22152,,1.69738,0.92642,0.31961,2.95295,2.27642,2023-06-01,2022Q4,1.0,1.0,,,N
495241,THALIA GARDENS REHABILITATION AND NURSING,VA,VIRGINIA BEACH,Virginia Beach City,For Profit - Corporation,119.3,1.0,1.52388,1.12318,0.29126,1.41444,2.93832,2.43155,0.21793,0.05693,2.04592,0.76613,0.3971,3.20915,,1.51559,1.08273,0.2879,2.89868,2.39875,2023-07-01,2023Q1,1.0,1.0,65.7,44.4,N
495241,THALIA GARDENS REHABILITATION AND NURSING,VA,VIRGINIA BEACH,Virginia Beach City,For Profit - Corporation,119.3,1.0,1.52388,1.12318,0.29126,1.41444,2.93832,2.43155,0.21793,0.05693,2.04592,0.76613,0.3971,3.20915,,1.51559,1.08273,0.2879,2.89868,2.39875,2023-08-01,2023Q1,1.0,1.0,65.7,44.4,N
495241,THALIA GARDENS REHABILITATION AND NURSING,VA,VIRGINIA BEACH,Virginia Beach City,For Profit - Corporation,119.3,1.0,1.52388,1.12318,0.29126,1.41444,2.93832,2.43155,0.21793,0.05693,2.04592,0.76613,0.3971,3.20915,,1.51559,1.08273,0.2879,2.89868,2.39875,2023-09-01,2023Q1,1.0,1.0,65.7,44.4,N
495241,THALIA GARDENS REHABILITATION AND NURSING,VA,VIRGINIA BEACH,Virginia Beach City,For Profit - Corporation,118.7,1.0,1.58454,1.17901,0.27283,1.45184,3.03637,2.55099,0.18046,0.05726,2.13316,0.82264,0.44981,3.40561,,1.51453,1.05997,0.23175,2.8179,2.36744,2023-10-01,2023Q2,1.0,1.0,72.8,76.9,N
495241,THALIA GARDENS REHABILITATION AND NURSING,VA,VIRGINIA BEACH,Virginia Beach City,For Profit - Corporation,118.7,1.0,1.58454,1.17901,0.27283,1.45184,3.03637,2.55099,0.18046,0.05726,2.13316,0.82264,0.44981,3.40561,,1.51453,1.05997,0.23175,2.8179,2.36744,2023-10-01,2023Q2,1.0,1.0,72.8,76.9,N
495241,THALIA GARDENS REHABILITATION AND NURSING,VA,VIRGINIA BEACH,Virginia Beach City,For Profit - Corporation,118.7,1.0,1.58454,1.17901,0.27283,1.45184,3.03637,2.55099,0.18046,0.05726,2.13316,0.82264,0.44981,3.40561,,1.51453,1.05997,0.23175,2.8179,2.36744,2023-11-01,2023Q2,1.0,1.0,72.8,76.9,N
495241,THALIA GARDENS REHABILITATION AND NURSING,VA,VIRGINIA BEACH,Virginia Beach City,For Profit - Corporation,118.7,1.0,1.60577,1.09514,0.2674,1.36254,2.96831,2.54733,0.14502,0.0556,2.18126,0.82962,0.43756,3.44843,,1.49975,0.97417,0.23028,2.71318,2.32838,2024-01-01,2023Q3,1.0,1.0,72.4,72.7,N
495241,THALIA GARDENS REHABILITATION AND NURSING,VA,VIRGINIA BEACH,Virginia Beach City,For Profit - Corporation,118.7,1.0,1.60577,1.09514,0.2674,1.36254,2.96831,2.54733,0.14502,0.0556,2.18126,0.82962,0.43756,3.44843,,1.49975,0.97417,0.23028,2.71318,2.32838,2024-02-01,2023Q3,1.0,1.0,72.4,72.7,N
495241,THALIA GARDENS REHABILITATION AND NURSING,VA,VIRGINIA BEACH,Virginia Beach City,For Profit - Corporation,118.7,1.0,1.60577,1.09514,0.2674,1.36254,2.96831,2.54733,0.14502,0.0556,2.18126,0.82962,0.43756,3.44843,,1.49975,0.97417,0.23028,2.71318,2.32838,2024-03-01,2023Q3,1.0,1.0,72.4,72.7,N
495241,THALIA GARDENS REHABILITATION AND NURSING,VA,VIRGINIA BEACH,Virginia Beach City,For Profit - Corporation,118.7,1.0,1.60577,1.09514,0.2674,1.36254,2.96831,2.54733,0.14502,0.0556,2.18126,0.82962,0.43756,3.44843,,1.49975,0.97417,0.23028,2.71318,2.32838,2024-04-01,2023Q3,1.0,1.0,66.1,63.6,N
495241,THALIA GARDENS REHABILITATION AND NURSING,VA,VIRGINIA BEACH,Virginia Beach City,For Profit - Corporation,118.7,1.0,1.60577,1.09514,0.2674,1.36254,2.96831,2.54733,0.14502,0.0556,2.18126,0.82962,0.43756,3.44843,,1.49975,0.97417,0.23028,2.71318,2.32838,2024-05-01,2023Q3,1.0,1.0,66.1,63.6,N
495241,THALIA GARDENS REHABILITATION AND NURSING,VA,VIRGINIA BEACH,Virginia Beach City,For Profit - Corporation,118.7,1.0,1.60577,1.09514,0.2674,1.36254,2.96831,2.54733,0.14502,0.0556,2.18126,0.82962,0.43756,3.44843,,1.49975,0.97417,0.23028,2.71318,2.32838,2024-06-01,2023Q3,1.0,1.0,66.1,63.6,N
495241,THALIA GARDENS REHABILITATION AND NURSING,VA,VIRGINIA BEACH,Virginia Beach City,For Profit - Corporation,119.9,2.0,1.6738,0.98674,0.35843,1.34517,3.01897,2.64462,0.17916,0.0752,2.16973,0.84258,0.63671,3.64902,3.20428,1.73628,1.02357,0.37181,3.13166,2.74333,2024-07-01,2024Q1,1.0,1.0,57.5,58.3,N
495241,THALIA GARDENS REHABILITATION AND NURSING,VA,VIRGINIA BEACH,Virginia Beach City,For Profit - Corporation,119.9,2.0,1.6738,0.98674,0.35843,1.34517,3.01897,2.64462,0.17916,0.0752,2.16973,0.84258,0.63671,3.64902,3.20428,1.73628,1.02357,0.37181,3.13166,2.74333,2024-08-01,2024Q1,1.0,1.0,57.5,58.3,N
495241,THALIA GARDENS REHABILITATION AND NURSING,VA,VIRGINIA BEACH,Virginia Beach City,For Profit - Corporation,119.9,2.0,1.6738,0.98674,0.35843,1.34517,3.01897,2.64462,0.17916,0.0752,2.16973,0.84258,0.63671,3.64902,3.20428,1.73628,1.02357,0.37181,3.13166,2.74333,2024-09-01,2024Q1,1.0,1.0,57.5,58.3,N
495241,THALIA GARDENS REHABILITATION AND NURSING,VA,VIRGINIA BEACH,Virginia Beach City,For Profit - Corporation,116.9,2.0,1.6697,1.11376,0.34368,1.45744,3.12714,2.70678,0.14986,0.10709,2.19919,0.84152,0.64096,3.68167,3.21709,1.73064,1.1544,0.35622,3.24126,2.80556,2024-10-01,2024Q2,1.0,1.0,58.9,55.6,N
495241,THALIA GARDENS REHABILITATION AND NURSING,VA,VIRGINIA BEACH,Virginia Beach City,For Profit - Corporation,116.9,2.0,1.6697,1.11376,0.34368,1.45744,3.12714,2.70678,0.14986,0.10709,2.19919,0.84152,0.64096,3.68167,3.21709,1.73064,1.1544,0.35622,3.24126,2.80556,2024-10-01,2024Q2,1.0,1.0,58.9,55.6,N
495241,THALIA GARDENS REHABILITATION AND NURSING,VA,VIRGINIA BEACH,Virginia Beach City,For Profit - Corporation,116.9,2.0,1.6697,1.11376,0.34368,1.45744,3.12714,2.70678,0.14986,0.10709,2.19919,0.84152,0.64096,3.68167,3.21709,1.73064,1.1544,0.35622,3.24126,2.80556,2024-11-01,2024Q2,1.0,1.0,58.9,55.6,N
495241,THALIA GARDENS REHABILITATION AND NURSING,VA,VIRGINIA BEACH,Virginia Beach City,For Profit - Corporation,120.8,2.0,1.71547,1.04403,0.39027,1.4343,3.14977,2.74188,0.17968,0.10995,2.32136,0.87079,0.66694,3.85909,3.39227,1.70113,1.0353,0.38701,3.12344,2.71896,2025-02-01,2024Q3,1.0,1.0,55.6,37.5,N
495241,THALIA GARDENS REHABILITATION AND NURSING,VA,VIRGINIA BEACH,Virginia Beach City,For Profit - Corporation,120.8,2.0,1.71547,1.04403,0.39027,1.4343,3.14977,2.74188,0.17968,0.10995,2.32136,0.87079,0.66694,3.85909,3.39227,1.70113,1.0353,0.38701,3.12344,2.71896,2025-03-01,2024Q3,1.0,1.0,55.6,37.5,N
495241,THALIA GARDENS REHABILITATION AND NURSING,VA,VIRGINIA BEACH,Virginia Beach City,For Profit - Corporation,120.5,2.0,1.76247,0.99549,0.35962,1.35511,3.11758,2.84935,0.19711,0.08818,2.27799,0.85279,0.65739,3.78816,3.35471,1.78753,1.00965,0.36473,3.16191,2.88987,2025-04-01,2024Q4,1.0,1.0,55.2,44.4,N
495241,THALIA GARDENS REHABILITATION AND NURSING,VA,VIRGINIA BEACH,Virginia Beach City,For Profit - Corporation,120.5,2.0,1.76247,0.99549,0.35962,1.35511,3.11758,2.84935,0.19711,0.08818,2.27799,0.85279,0.65739,3.78816,3.35471,1.78753,1.00965,0.36473,3.16191,2.88987,2025-05-01,2024Q4,1.0,1.0,55.2,44.4,N
495241,THALIA GARDENS REHABILITATION AND NURSING,VA,VIRGINIA BEACH,Virginia Beach City,For Profit - Corporation,120.5,2.0,1.76247,0.99549,0.35962,1.35511,3.11758,2.84935,0.19711,0.08818,2.27799,0.85279,0.65739,3.78816,3.35471,1.78753,1.00965,0.36473,3.16191,2.88987,2025-06-01,2024Q4,1.0,1.0,55.2,44.4,N
495241,THALIA GARDENS REHABILITATION AND NURSING,VA,VIRGINIA BEACH,Virginia Beach City,For Profit - Corporation,122.6,1.0,1.73614,1.00448,0.40419,1.40867,3.14481,2.72368,0.24107,0.07982,2.28162,0.86007,0.67142,3.81311,3.37228,1.74286,1.00837,0.40575,3.15698,2.73422,2025-07-01,2025Q1,2.0,1.0,44.2,33.3,N
