State,Standard_Type,Standard_Value,Standard_Text,Source_URL,Notes,Applies_To,Effective_Date
Virginia,HPRD,0.30 HPRD,Federal Minimum (0.30 HPRD),https://www.macpac.gov/publication/state-policies-related-to-nursing-facility-staffing/,MACPAC 2022 standard for general nursing facilities,Nursing Facilities,2022
Virginia,Direct Care Staff Ratio,2 staff per 20 residents,"Except during night hours, when 20 or fewer residents are present, at least two direct care staff members shall be awake and on duty at all times in each special care unit who shall be responsible for the care and supervision of the residents. For every additional 10 residents, or portion thereof, at least one more direct care staff member shall be awake and on duty in the unit.",https://law.lis.virginia.gov/admincode/title22/agency40/chapter73/section1130/,Virginia Administrative Code 22VAC40-73-1130 - Staffing requirements for special care units,Assisted Living Facilities - Special Care Units,2018-02-01
Alabama,HPRD,0.30 HPRD,Federal Minimum (0.30 HPRD),https://www.macpac.gov/publication/state-policies-related-to-nursing-facility-staffing/,MACPAC 2022 standard,Nursing Facilities,2022
Alaska,HPRD,0.38 HPRD,State Standard: 0.38 HPRD,https://www.macpac.gov/publication/state-policies-related-to-nursing-facility-staffing/,MACPAC 2022 standard,Nursing Facilities,2022
Arizona,HPRD,0.54 HPRD,State Standard: 0.54 HPRD,https://www.macpac.gov/publication/state-policies-related-to-nursing-facility-staffing/,MACPAC 2022 standard,Nursing Facilities,2022
Arkansas,HPRD,3.42 HPRD,State Standard: 3.42 HPRD,https://www.macpac.gov/publication/state-policies-related-to-nursing-facility-staffing/,MACPAC 2022 standard,Nursing Facilities,2022
California,HPRD,3.56 HPRD,State Standard: 3.56 HPRD,https://www.macpac.gov/publication/state-policies-related-to-nursing-facility-staffing/,MACPAC 2022 standard,Nursing Facilities,2022
Colorado,HPRD,2.06 HPRD,State Standard: 2.06 HPRD,https://www.macpac.gov/publication/state-policies-related-to-nursing-facility-staffing/,MACPAC 2022 standard,Nursing Facilities,2022
Connecticut,HPRD,3.06 HPRD,State Standard: 3.06 HPRD,https://www.macpac.gov/publication/state-policies-related-to-nursing-facility-staffing/,MACPAC 2022 standard,Nursing Facilities,2022
Delaware,HPRD,3.34 HPRD,State Standard: 3.34 HPRD,https://www.macpac.gov/publication/state-policies-related-to-nursing-facility-staffing/,MACPAC 2022 standard,Nursing Facilities,2022
District of Columbia,HPRD,3.56—4.16 HPRD,State Standard: 3.56—4.16 HPRD,https://www.macpac.gov/publication/state-policies-related-to-nursing-facility-staffing/,MACPAC 2022 standard - Range,Nursing Facilities,2022
Florida,HPRD,3.66 HPRD,State Standard: 3.66 HPRD,https://www.macpac.gov/publication/state-policies-related-to-nursing-facility-staffing/,MACPAC 2022 standard,Nursing Facilities,2022
Georgia,HPRD,2.06 HPRD,State Standard: 2.06 HPRD,https://www.macpac.gov/publication/state-policies-related-to-nursing-facility-staffing/,MACPAC 2022 standard,Nursing Facilities,2022
Hawaii,HPRD,0.30 HPRD,Federal Minimum (0.30 HPRD),https://www.macpac.gov/publication/state-policies-related-to-nursing-facility-staffing/,MACPAC 2022 standard,Nursing Facilities,2022
Idaho,HPRD,2.46 HPRD,State Standard: 2.46 HPRD,https://www.macpac.gov/publication/state-policies-related-to-nursing-facility-staffing/,MACPAC 2022 standard,Nursing Facilities,2022
Illinois,HPRD,2.56—3.86 HPRD,State Standard: 2.56—3.86 HPRD,https://www.macpac.gov/publication/state-policies-related-to-nursing-facility-staffing/,MACPAC 2022 standard - Range,Nursing Facilities,2022
Indiana,HPRD,0.56 HPRD,State Standard: 0.56 HPRD,https://www.macpac.gov/publication/state-policies-related-to-nursing-facility-staffing/,MACPAC 2022 standard,Nursing Facilities,2022
Iowa,HPRD,1.76—2.06 HPRD,State Standard: 1.76—2.06 HPRD,https://www.macpac.gov/publication/state-policies-related-to-nursing-facility-staffing/,MACPAC 2022 standard - Range,Nursing Facilities,2022
Kansas,HPRD,1.91—2.06 HPRD,State Standard: 1.91—2.06 HPRD,https://www.macpac.gov/publication/state-policies-related-to-nursing-facility-staffing/,MACPAC 2022 standard - Range,Nursing Facilities,2022
Kentucky,HPRD,0.30 HPRD,Federal Minimum (0.30 HPRD),https://www.macpac.gov/publication/state-policies-related-to-nursing-facility-staffing/,MACPAC 2022 standard,Nursing Facilities,2022
Louisiana,HPRD,2.41 HPRD,State Standard: 2.41 HPRD,https://www.macpac.gov/publication/state-policies-related-to-nursing-facility-staffing/,MACPAC 2022 standard,Nursing Facilities,2022
Maine,HPRD,3.02 HPRD,State Standard: 3.02 HPRD,https://www.macpac.gov/publication/state-policies-related-to-nursing-facility-staffing/,MACPAC 2022 standard,Nursing Facilities,2022
Maryland,HPRD,3.06 HPRD,State Standard: 3.06 HPRD,https://www.macpac.gov/publication/state-policies-related-to-nursing-facility-staffing/,MACPAC 2022 standard,Nursing Facilities,2022
Massachusetts,HPRD,3.64 HPRD,State Standard: 3.64 HPRD,https://www.macpac.gov/publication/state-policies-related-to-nursing-facility-staffing/,MACPAC 2022 standard,Nursing Facilities,2022
Michigan,HPRD,2.31 HPRD,State Standard: 2.31 HPRD,https://www.macpac.gov/publication/state-policies-related-to-nursing-facility-staffing/,MACPAC 2022 standard,Nursing Facilities,2022
Minnesota,HPRD,2.06 HPRD,State Standard: 2.06 HPRD,https://www.macpac.gov/publication/state-policies-related-to-nursing-facility-staffing/,MACPAC 2022 standard,Nursing Facilities,2022
Mississippi,HPRD,2.86 HPRD,State Standard: 2.86 HPRD,https://www.macpac.gov/publication/state-policies-related-to-nursing-facility-staffing/,MACPAC 2022 standard,Nursing Facilities,2022
Missouri,HPRD,0.30 HPRD,Federal Minimum (0.30 HPRD),https://www.macpac.gov/publication/state-policies-related-to-nursing-facility-staffing/,MACPAC 2022 standard,Nursing Facilities,2022
Montana,HPRD,1.90 HPRD,State Standard: 1.9 HPRD,https://www.macpac.gov/publication/state-policies-related-to-nursing-facility-staffing/,MACPAC 2022 standard,Nursing Facilities,2022
Nebraska,HPRD,0.30 HPRD,Federal Minimum (0.30 HPRD),https://www.macpac.gov/publication/state-policies-related-to-nursing-facility-staffing/,MACPAC 2022 standard,Nursing Facilities,2022
Nevada,HPRD,0.30 HPRD,Federal Minimum (0.30 HPRD),https://www.macpac.gov/publication/state-policies-related-to-nursing-facility-staffing/,MACPAC 2022 standard,Nursing Facilities,2022
New Hampshire,HPRD,0.30 HPRD,Federal Minimum (0.30 HPRD),https://www.macpac.gov/publication/state-policies-related-to-nursing-facility-staffing/,MACPAC 2022 standard,Nursing Facilities,2022
New Jersey,HPRD,2.56 HPRD,State Standard: 2.56 HPRD,https://www.macpac.gov/publication/state-policies-related-to-nursing-facility-staffing/,MACPAC 2022 standard,Nursing Facilities,2022
New Mexico,HPRD,2.56 HPRD,State Standard: 2.56 HPRD,https://www.macpac.gov/publication/state-policies-related-to-nursing-facility-staffing/,MACPAC 2022 standard,Nursing Facilities,2022
New York,HPRD,3.56 HPRD,State Standard: 3.56 HPRD,https://www.macpac.gov/publication/state-policies-related-to-nursing-facility-staffing/,MACPAC 2022 standard,Nursing Facilities,2022
North Carolina,HPRD,0.30 HPRD,Federal Minimum (0.30 HPRD),https://www.macpac.gov/publication/state-policies-related-to-nursing-facility-staffing/,MACPAC 2022 standard,Nursing Facilities,2022
North Dakota,HPRD,0.30 HPRD,Federal Minimum (0.30 HPRD),https://www.macpac.gov/publication/state-policies-related-to-nursing-facility-staffing/,MACPAC 2022 standard,Nursing Facilities,2022
Ohio,HPRD,2.56 HPRD,State Standard: 2.56 HPRD,https://www.macpac.gov/publication/state-policies-related-to-nursing-facility-staffing/,MACPAC 2022 standard,Nursing Facilities,2022
Oklahoma,HPRD,2.92 HPRD,State Standard: 2.92 HPRD,https://www.macpac.gov/publication/state-policies-related-to-nursing-facility-staffing/,MACPAC 2022 standard,Nursing Facilities,2022
Oregon,HPRD,2.46 HPRD,State Standard: 2.46 HPRD,https://www.macpac.gov/publication/state-policies-related-to-nursing-facility-staffing/,MACPAC 2022 standard,Nursing Facilities,2022
Pennsylvania,HPRD,2.76 HPRD,State Standard: 2.76 HPRD,https://www.macpac.gov/publication/state-policies-related-to-nursing-facility-staffing/,MACPAC 2022 standard,Nursing Facilities,2022
Rhode Island,HPRD,3.64 HPRD,State Standard: 3.64 HPRD,https://www.macpac.gov/publication/state-policies-related-to-nursing-facility-staffing/,MACPAC 2022 standard,Nursing Facilities,2022
South Carolina,HPRD,2.01 HPRD,State Standard: 2.01 HPRD,https://www.macpac.gov/publication/state-policies-related-to-nursing-facility-staffing/,MACPAC 2022 standard,Nursing Facilities,2022
South Dakota,HPRD,0.30 HPRD,Federal Minimum (0.30 HPRD),https://www.macpac.gov/publication/state-policies-related-to-nursing-facility-staffing/,MACPAC 2022 standard,Nursing Facilities,2022
Tennessee,HPRD,2.06 HPRD,State Standard: 2.06 HPRD,https://www.macpac.gov/publication/state-policies-related-to-nursing-facility-staffing/,MACPAC 2022 standard,Nursing Facilities,2022
Texas,HPRD,0.46 HPRD,State Standard: 0.46 HPRD,https://www.macpac.gov/publication/state-policies-related-to-nursing-facility-staffing/,MACPAC 2022 standard,Nursing Facilities,2022
Utah,HPRD,0.30 HPRD,Federal Minimum (0.30 HPRD),https://www.macpac.gov/publication/state-policies-related-to-nursing-facility-staffing/,MACPAC 2022 standard,Nursing Facilities,2022
Vermont,HPRD,3.06 HPRD,State Standard: 3.06 HPRD,https://www.macpac.gov/publication/state-policies-related-to-nursing-facility-staffing/,MACPAC 2022 standard,Nursing Facilities,2022
Washington,HPRD,3.46 HPRD,State Standard: 3.46 HPRD,https://www.macpac.gov/publication/state-policies-related-to-nursing-facility-staffing/,MACPAC 2022 standard,Nursing Facilities,2022
West Virginia,HPRD,2.31 HPRD,State Standard: 2.31 HPRD,https://www.macpac.gov/publication/state-policies-related-to-nursing-facility-staffing/,MACPAC 2022 standard,Nursing Facilities,2022
Wisconsin,HPRD,2.06—3.31 HPRD,State Standard: 2.06—3.31 HPRD,https://www.macpac.gov/publication/state-policies-related-to-nursing-facility-staffing/,MACPAC 2022 standard - Range,Nursing Facilities,2022
Wyoming,HPRD,1.56—2.31 HPRD,State Standard: 1.56—2.31 HPRD,https://www.macpac.gov/publication/state-policies-related-to-nursing-facility-staffing/,MACPAC 2022 standard - Range,Nursing Facilities,2022

