CY_Qtr,STATE,Facility_Count,Census,Total_Nurse_HPRD,Contract_Percentage
2017Q1,AK,10,46.1,6.61,0.465
2017Q2,AK,11,43.4,6.678,
2017Q3,AK,12,42.8,6.518,1.792
2017Q4,AK,13,40.7,6.647,2.407
2018Q1,AK,10,42.7,6.469,2.167
2018Q2,AK,10,48.0,6.338,1.935
2018Q3,AK,12,44.2,6.307,3.977
2018Q4,AK,11,45.0,6.334,2.496
2019Q1,AK,10,49.1,6.361,2.62
2019Q2,AK,9,52.8,6.249,0.853
2019Q3,AK,10,48.4,6.319,1.218
2019Q4,AK,9,54.1,6.146,1.499
2020Q1,AK,10,48.9,6.386,2.746
2020Q2,AK,12,42.5,6.557,4.016
2020Q3,AK,9,49.1,6.086,1.328
2020Q4,AK,8,50.2,6.347,2.458
2021Q1,AK,11,42.6,6.37,8.351
2021Q2,AK,11,47.2,5.923,7.702
2021Q3,AK,10,50.0,5.611,4.524
2021Q4,AK,12,44.8,6.266,15.124
2022Q1,AK,14,45.3,6.041,9.682
2022Q2,AK,16,41.4,5.886,11.8
2022Q3,AK,16,41.2,5.82,10.599
2022Q4,AK,15,42.1,5.997,10.604
2023Q1,AK,13,48.1,5.905,10.803
2023Q2,AK,15,43.4,6.133,10.617
2023Q3,AK,15,40.7,6.218,12.644
2023Q4,AK,17,38.6,6.369,17.283
2024Q1,AK,15,43.0,6.258,11.99
2024Q2,AK,14,45.5,6.012,10.229
2024Q3,AK,17,40.3,6.017,12.85
2024Q4,AK,14,41.3,6.161,12.601
2017Q1,AL,214,101.5,3.98,0.332
2017Q2,AL,205,99.3,4.011,
2017Q3,AL,214,100.5,3.964,0.239
2017Q4,AL,213,100.9,4.021,0.178
2018Q1,AL,215,100.6,4.009,0.205
2018Q2,AL,215,100.4,3.965,0.309
2018Q3,AL,217,101.0,3.964,0.242
2018Q4,AL,218,101.2,3.926,0.222
2019Q1,AL,222,101.4,3.864,0.304
2019Q2,AL,221,101.4,3.875,0.295
2019Q3,AL,223,101.1,3.889,0.276
2019Q4,AL,224,101.1,3.867,0.574
2020Q1,AL,191,99.8,3.89,0.358
2020Q2,AL,222,93.0,3.965,0.505
2020Q3,AL,222,88.1,3.966,1.093
2020Q4,AL,222,86.6,4.01,1.706
2021Q1,AL,221,83.8,3.986,1.862
2021Q2,AL,223,86.2,3.751,2.086
2021Q3,AL,220,88.2,3.678,2.854
2021Q4,AL,216,89.9,3.689,3.604
2022Q1,AL,187,86.3,3.607,5.004
2022Q2,AL,220,91.1,3.678,4.868
2022Q3,AL,214,91.6,3.752,4.116
2022Q4,AL,220,92.3,3.694,3.352
2023Q1,AL,220,93.2,3.729,3.1
2023Q2,AL,219,94.1,3.734,2.951
2023Q3,AL,223,93.9,3.829,1.94
2023Q4,AL,220,94.4,3.827,1.485
2024Q1,AL,223,95.4,3.79,1.52
2024Q2,AL,222,95.9,3.857,1.4
2024Q3,AL,223,96.3,3.883,1.276
2024Q4,AL,223,96.7,3.868,1.08
2017Q1,AR,193,78.6,4.035,2.66
2017Q2,AR,201,77.4,4.029,
2017Q3,AR,211,78.0,4.091,1.734
2017Q4,AR,177,78.5,4.046,2.485
2018Q1,AR,212,77.9,4.088,2.644
2018Q2,AR,207,77.6,4.151,1.102
2018Q3,AR,207,78.2,4.187,0.594
2018Q4,AR,217,77.8,4.153,0.558
2019Q1,AR,220,76.7,4.1,0.573
2019Q2,AR,218,77.2,4.022,0.71
2019Q3,AR,219,77.9,4.084,0.622
2019Q4,AR,218,77.8,4.11,0.673
2020Q1,AR,208,78.2,4.086,0.472
2020Q2,AR,208,74.7,4.175,0.685
2020Q3,AR,213,71.5,4.181,0.82
2020Q4,AR,211,66.6,4.392,0.795
2021Q1,AR,214,63.6,4.248,0.972
2021Q2,AR,216,66.1,4.006,1.184
2021Q3,AR,219,67.9,3.86,1.478
2021Q4,AR,213,69.3,3.878,1.709
2022Q1,AR,208,69.1,3.819,2.1
2022Q2,AR,215,70.3,3.871,3.404
2022Q3,AR,215,71.5,3.884,3.215
2022Q4,AR,214,72.3,3.866,3.095
2023Q1,AR,215,72.9,3.866,2.661
2023Q2,AR,215,73.3,3.931,2.084
2023Q3,AR,214,74.2,3.992,2.2
2023Q4,AR,211,75.0,4.019,2.506
2024Q1,AR,217,74.2,3.982,2.411
2024Q2,AR,216,74.6,4.075,2.292
2024Q3,AR,216,75.7,4.071,2.153
2024Q4,AR,217,75.8,4.088,1.92
2017Q1,AZ,135,85.5,3.913,0.928
2017Q2,AZ,126,83.7,4.015,
2017Q3,AZ,132,82.3,4.068,1.138
2017Q4,AZ,131,79.1,4.008,0.86
2018Q1,AZ,140,81.5,4.015,0.958
2018Q2,AZ,142,78.5,4.131,1.644
2018Q3,AZ,146,78.6,4.141,2.123
2018Q4,AZ,146,79.2,4.13,1.973
2019Q1,AZ,147,81.7,4.009,1.693
2019Q2,AZ,141,81.3,4.024,1.967
2019Q3,AZ,144,81.2,4.062,2.119
2019Q4,AZ,143,81.4,4.046,1.9
2020Q1,AZ,114,88.0,3.993,2.15
2020Q2,AZ,137,72.3,4.246,2.318
2020Q3,AZ,140,69.9,4.264,2.453
2020Q4,AZ,143,70.3,4.234,2.79
2021Q1,AZ,145,70.6,4.178,3.598
2021Q2,AZ,142,71.2,4.059,4.514
2021Q3,AZ,140,73.6,3.989,5.162
2021Q4,AZ,140,75.9,3.913,7.571
2022Q1,AZ,138,77.9,3.863,9.059
2022Q2,AZ,137,76.5,3.899,8.596
2022Q3,AZ,140,77.4,3.948,9.303
2022Q4,AZ,139,78.8,3.93,8.409
2023Q1,AZ,141,81.0,3.843,8.027
2023Q2,AZ,139,79.3,3.955,7.037
2023Q3,AZ,140,78.6,3.964,4.803
2023Q4,AZ,139,80.1,3.99,5.169
2024Q1,AZ,139,82.7,3.972,5.935
2024Q2,AZ,139,81.9,3.986,4.489
2024Q3,AZ,138,82.1,4.037,3.038
2024Q4,AZ,140,82.5,4.021,3.251
2017Q1,CA,1042,89.1,3.872,0.835
2017Q2,CA,1018,88.2,3.898,
2017Q3,CA,1090,87.1,3.897,1.867
2017Q4,CA,1063,87.8,3.896,2.09
2018Q1,CA,1104,87.6,3.976,2.397
2018Q2,CA,1104,86.7,4.055,1.044
2018Q3,CA,1127,87.0,4.143,1.207
2018Q4,CA,1138,87.2,4.111,1.319
2019Q1,CA,1143,87.8,4.117,1.338
2019Q2,CA,1138,87.5,4.147,1.424
2019Q3,CA,1139,87.3,4.177,1.5
2019Q4,CA,1152,87.7,4.176,1.315
2020Q1,CA,962,86.1,4.204,1.281
2020Q2,CA,1147,79.1,4.299,1.327
2020Q3,CA,1134,75.6,4.365,1.417
2020Q4,CA,1129,75.9,4.365,1.639
2021Q1,CA,1142,73.3,4.44,1.942
2021Q2,CA,1145,76.9,4.277,2.482
2021Q3,CA,1137,79.5,4.169,2.966
2021Q4,CA,1124,80.3,4.1,3.634
2022Q1,CA,1137,79.6,4.139,4.285
2022Q2,CA,1141,81.4,4.116,4.787
2022Q3,CA,1127,81.5,4.107,4.486
2022Q4,CA,1133,83.0,4.125,4.275
2023Q1,CA,1148,85.0,4.103,4.266
2023Q2,CA,1139,84.7,4.164,4.094
2023Q3,CA,1139,84.4,4.178,3.658
2023Q4,CA,1133,85.3,4.184,3.355
2024Q1,CA,1140,86.1,4.212,3.579
2024Q2,CA,1142,86.6,4.226,3.466
2024Q3,CA,1140,87.0,4.26,3.154
2024Q4,CA,1143,87.1,4.303,2.959
2017Q1,CO,206,77.4,3.752,1.088
2017Q2,CO,204,75.3,3.801,
2017Q3,CO,211,75.0,3.754,1.379
2017Q4,CO,209,74.5,3.798,1.058
2018Q1,CO,213,74.5,3.807,1.865
2018Q2,CO,218,74.1,3.812,2.041
2018Q3,CO,221,73.4,3.78,2.093
2018Q4,CO,219,73.7,3.797,2.636
2019Q1,CO,222,74.0,3.782,3.252
2019Q2,CO,223,73.8,3.8,3.907
2019Q3,CO,220,74.4,3.773,4.783
2019Q4,CO,220,74.3,3.783,4.8
2020Q1,CO,201,74.0,3.796,4.369
2020Q2,CO,217,67.4,3.971,4.752
2020Q3,CO,219,65.5,3.957,3.949
2020Q4,CO,218,63.7,3.92,4.033
2021Q1,CO,217,60.9,4.146,4.851
2021Q2,CO,217,63.0,3.912,4.512
2021Q3,CO,219,64.7,3.717,5.842
2021Q4,CO,217,64.5,3.575,8.277
2022Q1,CO,218,65.0,3.609,12.01
2022Q2,CO,213,66.4,3.568,12.439
2022Q3,CO,215,66.5,3.551,12.538
2022Q4,CO,212,67.3,3.552,14.066
2023Q1,CO,213,67.9,3.633,11.434
2023Q2,CO,213,68.7,3.685,9.76
2023Q3,CO,205,69.1,3.446,9.302
2023Q4,CO,210,70.1,3.58,9.023
2024Q1,CO,210,70.4,3.619,9.175
2024Q2,CO,208,70.1,3.666,9.063
2024Q3,CO,209,71.2,3.558,8.521
2024Q4,CO,209,71.1,3.67,8.275
2017Q1,CT,189,102.9,3.789,1.423
2017Q2,CT,191,103.2,3.782,
2017Q3,CT,197,103.9,3.784,0.883
2017Q4,CT,188,102.0,3.764,0.588
2018Q1,CT,203,104.7,3.733,0.599
2018Q2,CT,181,107.0,3.751,0.685
2018Q3,CT,210,103.8,3.669,0.8
2018Q4,CT,211,102.9,3.689,0.83
2019Q1,CT,211,103.4,3.655,0.803
2019Q2,CT,211,104.0,3.665,0.965
2019Q3,CT,211,103.8,3.633,1.042
2019Q4,CT,210,104.1,3.659,0.97
2020Q1,CT,154,99.1,3.76,0.688
2020Q2,CT,203,87.4,3.961,1.673
2020Q3,CT,204,85.7,3.892,1.27
2020Q4,CT,205,86.4,3.889,1.603
2021Q1,CT,208,85.7,3.865,2.233
2021Q2,CT,204,88.6,3.685,3.701
2021Q3,CT,203,91.9,3.515,3.864
2021Q4,CT,201,93.5,3.379,4.338
2022Q1,CT,202,93.8,3.533,6.221
2022Q2,CT,200,94.8,3.522,6.592
2022Q3,CT,200,96.5,3.579,6.028
2022Q4,CT,202,97.3,3.558,6.753
2023Q1,CT,202,98.2,3.594,6.757
2023Q2,CT,198,97.9,3.641,7.112
2023Q3,CT,197,98.6,3.625,7.408
2023Q4,CT,198,98.4,3.656,6.393
2024Q1,CT,196,100.3,3.642,5.531
2024Q2,CT,196,99.8,3.656,5.575
2024Q3,CT,194,99.9,3.672,5.85
2024Q4,CT,196,99.9,3.67,5.771
2017Q1,DC,15,139.8,4.49,0.268
2017Q2,DC,17,138.6,4.4,
2017Q3,DC,15,139.0,4.286,0.223
2017Q4,DC,16,132.0,4.334,0.208
2018Q1,DC,15,150.1,4.064,0.476
2018Q2,DC,15,125.1,4.163,0.252
2018Q3,DC,18,130.5,4.437,0.307
2018Q4,DC,16,131.0,4.339,0.495
2019Q1,DC,18,130.4,4.414,0.27
2019Q2,DC,18,131.1,4.195,0.114
2019Q3,DC,18,129.6,4.448,0.087
2019Q4,DC,18,128.3,4.511,0.048
2020Q1,DC,16,136.4,4.356,0.199
2020Q2,DC,14,124.7,4.363,1.137
2020Q3,DC,16,121.8,4.655,1.094
2020Q4,DC,16,118.4,4.613,0.475
2021Q1,DC,16,119.4,4.572,1.672
2021Q2,DC,17,114.5,4.563,1.962
2021Q3,DC,17,117.1,4.18,1.629
2021Q4,DC,17,117.7,3.921,2.028
2022Q1,DC,17,117.4,3.631,2.079
2022Q2,DC,16,123.6,4.088,3.278
2022Q3,DC,17,117.7,3.987,4.064
2022Q4,DC,16,123.7,4.265,6.02
2023Q1,DC,17,116.8,4.245,6.447
2023Q2,DC,17,116.6,4.294,7.827
2023Q3,DC,17,117.3,4.199,8.591
2023Q4,DC,17,117.7,4.26,8.31
2024Q1,DC,17,119.2,4.195,7.232
2024Q2,DC,17,119.8,4.239,5.513
2024Q3,DC,17,118.8,4.266,4.598
2024Q4,DC,17,120.2,4.182,4.466
2017Q1,DE,42,99.3,4.178,0.415
2017Q2,DE,39,97.8,4.208,
2017Q3,DE,39,98.4,4.083,0.716
2017Q4,DE,44,94.2,4.28,0.663
2018Q1,DE,41,92.9,4.053,0.997
2018Q2,DE,43,92.8,4.269,1.122
2018Q3,DE,45,89.4,4.318,1.673
2018Q4,DE,44,88.7,4.233,1.592
2019Q1,DE,44,90.6,4.123,1.605
2019Q2,DE,44,90.0,4.175,1.794
2019Q3,DE,45,89.2,4.205,1.94
2019Q4,DE,44,91.3,4.099,2.148
2020Q1,DE,33,80.7,4.128,1.687
2020Q2,DE,42,75.3,4.341,2.135
2020Q3,DE,45,74.3,4.268,3.147
2020Q4,DE,44,74.4,4.166,3.468
2021Q1,DE,45,72.8,4.252,3.707
2021Q2,DE,44,74.3,4.008,4.246
2021Q3,DE,44,78.5,3.96,6.142
2021Q4,DE,44,78.4,3.969,6.533
2022Q1,DE,44,78.8,4.04,9.651
2022Q2,DE,43,82.0,3.967,10.719
2022Q3,DE,43,83.5,3.977,13.806
2022Q4,DE,42,85.5,3.947,13.687
2023Q1,DE,42,87.1,3.978,16.952
2023Q2,DE,43,85.8,3.991,15.178
2023Q3,DE,43,86.8,3.937,15.185
2023Q4,DE,43,88.1,4.046,14.02
2024Q1,DE,43,88.7,4.046,13.032
2024Q2,DE,43,88.1,4.138,13.01
2024Q3,DE,43,88.3,4.131,9.7
2024Q4,DE,43,88.8,4.123,6.839
2017Q1,FL,630,109.6,4.175,0.857
2017Q2,FL,649,108.0,4.244,
2017Q3,FL,661,107.8,4.267,1.053
2017Q4,FL,652,108.5,4.22,1.213
2018Q1,FL,676,107.4,4.231,1.907
2018Q2,FL,675,106.9,4.236,2.001
2018Q3,FL,679,106.5,4.252,1.968
2018Q4,FL,686,106.4,4.24,1.493
2019Q1,FL,683,108.5,4.24,1.645
2019Q2,FL,676,107.1,4.251,1.987
2019Q3,FL,680,106.6,4.262,1.925
2019Q4,FL,685,106.1,4.225,2.288
2020Q1,FL,541,106.7,4.185,2.744
2020Q2,FL,681,96.9,4.323,2.568
2020Q3,FL,691,91.2,4.352,2.969
2020Q4,FL,685,91.7,4.325,3.431
2021Q1,FL,696,91.8,4.248,4.365
2021Q2,FL,688,93.0,4.137,6.435
2021Q3,FL,693,94.9,4.116,9.442
2021Q4,FL,696,95.7,4.047,9.787
2022Q1,FL,684,96.8,4.048,11.187
2022Q2,FL,666,98.6,3.908,10.239
2022Q3,FL,687,100.1,3.828,8.436
2022Q4,FL,682,102.2,3.772,7.213
2023Q1,FL,688,104.3,3.783,6.493
2023Q2,FL,687,103.4,3.781,5.758
2023Q3,FL,689,104.3,3.753,4.209
2023Q4,FL,687,104.8,3.763,3.249
2024Q1,FL,695,106.2,3.759,2.94
2024Q2,FL,691,106.1,3.805,2.745
2024Q3,FL,690,106.9,3.783,2.004
2024Q4,FL,688,107.3,3.785,1.796
2017Q1,GA,331,93.4,3.504,1.701
2017Q2,GA,331,92.5,3.527,
2017Q3,GA,342,92.6,3.478,1.714
2017Q4,GA,345,93.6,3.485,1.77
2018Q1,GA,346,92.5,3.494,2.163
2018Q2,GA,344,92.6,3.51,2.575
2018Q3,GA,348,92.9,3.531,2.699
2018Q4,GA,347,92.9,3.479,2.914
2019Q1,GA,352,92.3,3.481,2.805
2019Q2,GA,351,92.9,3.496,3.44
2019Q3,GA,348,93.4,3.53,3.787
2019Q4,GA,353,93.2,3.528,4.237
2020Q1,GA,270,91.7,3.516,4.585
2020Q2,GA,349,85.2,3.598,3.987
2020Q3,GA,353,80.4,3.542,3.997
2020Q4,GA,352,78.2,3.532,4.241
2021Q1,GA,351,76.4,3.584,4.298
2021Q2,GA,349,77.3,3.424,5.449
2021Q3,GA,352,78.9,3.381,7.549
2021Q4,GA,342,79.1,3.329,8.854
2022Q1,GA,341,78.6,3.334,10.382
2022Q2,GA,345,80.0,3.26,10.901
2022Q3,GA,343,79.9,3.308,10.996
2022Q4,GA,351,82.2,3.334,12.822
2023Q1,GA,353,83.3,3.374,12.109
2023Q2,GA,353,83.6,3.421,11.438
2023Q3,GA,351,85.4,3.41,9.52
2023Q4,GA,348,85.8,3.45,7.491
2024Q1,GA,351,86.9,3.419,6.653
2024Q2,GA,352,86.9,3.491,6.72
2024Q3,GA,351,87.0,3.494,5.661
2024Q4,GA,353,88.0,3.483,3.937
2017Q1,HI,35,91.3,4.118,1.965
2017Q2,HI,39,85.9,4.123,
2017Q3,HI,39,86.4,4.079,2.15
2017Q4,HI,38,87.2,4.205,2.465
2018Q1,HI,41,87.0,4.256,2.804
2018Q2,HI,42,84.4,4.276,2.798
2018Q3,HI,39,89.4,4.32,3.002
2018Q4,HI,39,81.4,4.215,2.585
2019Q1,HI,41,84.2,4.335,3.669
2019Q2,HI,39,86.3,4.255,3.084
2019Q3,HI,40,84.0,4.274,2.711
2019Q4,HI,41,82.8,4.314,3.4
2020Q1,HI,41,83.7,4.316,2.784
2020Q2,HI,42,81.5,4.495,2.782
2020Q3,HI,41,80.1,4.537,2.355
2020Q4,HI,39,79.6,4.532,2.654
2021Q1,HI,41,77.6,4.605,2.275
2021Q2,HI,42,78.0,4.573,3.458
2021Q3,HI,41,77.8,4.483,2.54
2021Q4,HI,42,77.7,4.408,3.564
2022Q1,HI,43,74.0,4.448,4.463
2022Q2,HI,42,72.4,4.367,5.571
2022Q3,HI,42,71.3,4.289,5.298
2022Q4,HI,43,73.9,4.275,6.581
2023Q1,HI,41,76.4,4.232,8.01
2023Q2,HI,39,73.9,4.331,9.828
2023Q3,HI,42,76.8,4.377,8.893
2023Q4,HI,42,77.4,4.382,9.686
2024Q1,HI,41,80.1,4.389,9.386
2024Q2,HI,40,81.8,4.449,8.912
2024Q3,HI,42,78.9,4.606,9.952
2024Q4,HI,42,80.0,4.521,8.267
2017Q1,IA,412,54.8,3.692,3.374
2017Q2,IA,413,54.4,3.735,
2017Q3,IA,419,53.5,3.65,3.274
2017Q4,IA,423,54.3,3.711,3.312
2018Q1,IA,420,53.6,3.736,3.244
2018Q2,IA,422,53.4,3.75,3.07
2018Q3,IA,426,53.6,3.718,3.889
2018Q4,IA,414,54.0,3.729,3.853
2019Q1,IA,429,53.4,3.681,3.512
2019Q2,IA,433,53.0,3.716,3.852
2019Q3,IA,431,53.2,3.688,3.942
2019Q4,IA,422,53.3,3.696,4.379
2020Q1,IA,361,52.5,3.709,3.352
2020Q2,IA,423,50.0,3.851,4.185
2020Q3,IA,425,48.7,3.783,4.529
2020Q4,IA,422,46.5,3.887,5.99
2021Q1,IA,422,45.1,3.966,5.75
2021Q2,IA,423,46.5,3.763,6.527
2021Q3,IA,426,47.4,3.602,8.801
2021Q4,IA,394,48.3,3.613,11.1
2022Q1,IA,423,47.1,3.635,11.811
2022Q2,IA,420,47.4,3.674,12.003
2022Q3,IA,417,47.9,3.647,10.829
2022Q4,IA,405,48.5,3.646,10.223
2023Q1,IA,402,49.3,3.654,9.574
2023Q2,IA,405,49.3,3.683,8.281
2023Q3,IA,399,50.1,3.652,7.628
2023Q4,IA,393,50.2,3.704,7.318
2024Q1,IA,396,50.3,3.716,6.674
2024Q2,IA,393,50.3,3.772,5.863
2024Q3,IA,397,50.7,3.788,5.49
2024Q4,IA,394,50.9,3.799,5.712
2017Q1,ID,69,52.7,4.292,2.031
2017Q2,ID,69,51.4,4.288,
2017Q3,ID,71,51.8,4.237,2.436
2017Q4,ID,69,50.5,4.264,2.93
2018Q1,ID,72,51.7,4.424,3.587
2018Q2,ID,76,50.4,4.316,2.753
2018Q3,ID,71,50.6,4.375,2.828
2018Q4,ID,77,50.7,4.351,3.551
2019Q1,ID,80,50.9,4.392,2.648
2019Q2,ID,77,51.7,4.359,2.754
2019Q3,ID,79,51.6,4.267,2.752
2019Q4,ID,78,52.1,4.282,2.813
2020Q1,ID,75,50.8,4.297,1.95
2020Q2,ID,75,48.3,4.502,1.816
2020Q3,ID,81,46.5,4.443,2.155
2020Q4,ID,81,43.9,4.557,2.905
2021Q1,ID,80,44.8,4.45,3.265
2021Q2,ID,79,46.5,4.228,2.98
2021Q3,ID,79,46.2,4.157,3.664
2021Q4,ID,79,45.3,4.16,4.855
2022Q1,ID,78,45.7,4.042,4.481
2022Q2,ID,78,47.2,3.977,4.775
2022Q3,ID,75,47.9,3.954,6.959
2022Q4,ID,75,48.7,3.923,7.858
2023Q1,ID,79,49.9,3.938,7.493
2023Q2,ID,77,50.4,3.917,6.366
2023Q3,ID,79,50.4,3.907,5.856
2023Q4,ID,80,50.5,3.954,5.652
2024Q1,ID,80,51.5,3.943,3.965
2024Q2,ID,79,52.9,3.909,5.415
2024Q3,ID,80,53.3,3.944,6.057
2024Q4,ID,80,53.9,3.935,6.454
2017Q1,IL,658,92.9,3.241,1.519
2017Q2,IL,652,92.2,3.252,
2017Q3,IL,670,91.9,3.273,1.93
2017Q4,IL,648,91.0,3.296,2.131
2018Q1,IL,687,91.5,3.254,2.194
2018Q2,IL,684,91.0,3.277,2.116
2018Q3,IL,692,90.4,3.247,2.017
2018Q4,IL,698,90.9,3.245,1.952
2019Q1,IL,694,90.1,3.198,2.13
2019Q2,IL,685,90.0,3.217,2.427
2019Q3,IL,684,89.9,3.212,2.564
2019Q4,IL,686,91.1,3.226,2.806
2020Q1,IL,513,84.1,3.163,2.766
2020Q2,IL,682,81.2,3.302,2.628
2020Q3,IL,679,81.4,3.252,2.84
2020Q4,IL,679,78.9,3.341,3.938
2021Q1,IL,680,76.7,3.335,3.967
2021Q2,IL,666,78.5,3.155,4.404
2021Q3,IL,689,81.8,2.979,6.208
2021Q4,IL,672,83.2,2.96,7.723
2022Q1,IL,685,83.4,2.985,9.555
2022Q2,IL,678,84.8,3.066,11.357
2022Q3,IL,687,85.3,3.111,11.806
2022Q4,IL,690,85.9,3.175,11.865
2023Q1,IL,690,86.8,3.217,11.077
2023Q2,IL,687,87.1,3.221,10.432
2023Q3,IL,677,88.4,3.236,9.45
2023Q4,IL,676,89.3,3.211,8.693
2024Q1,IL,675,90.1,3.2,8.792
2024Q2,IL,673,90.3,3.253,8.354
2024Q3,IL,645,89.4,3.27,8.12
2024Q4,IL,672,91.4,3.273,7.956
2017Q1,IN,479,73.0,3.554,1.279
2017Q2,IN,514,72.2,3.573,
2017Q3,IN,532,70.9,3.597,1.914
2017Q4,IN,497,71.6,3.594,2.125
2018Q1,IN,531,71.2,3.575,2.4
2018Q2,IN,531,71.0,3.599,2.387
2018Q3,IN,539,71.2,3.601,2.523
2018Q4,IN,528,72.1,3.628,2.417
2019Q1,IN,541,71.4,3.582,2.379
2019Q2,IN,538,71.5,3.607,2.193
2019Q3,IN,532,72.7,3.599,2.366
2019Q4,IN,530,72.8,3.606,2.837
2020Q1,IN,488,70.9,3.602,2.917
2020Q2,IN,527,66.2,3.742,3.57
2020Q3,IN,527,65.2,3.672,4.318
2020Q4,IN,519,63.0,3.828,6.033
2021Q1,IN,526,60.8,3.772,6.302
2021Q2,IN,524,62.5,3.539,6.065
2021Q3,IN,519,65.3,3.427,7.682
2021Q4,IN,521,65.8,3.428,9.123
2022Q1,IN,514,66.1,3.41,9.404
2022Q2,IN,511,66.7,3.457,10.745
2022Q3,IN,512,67.5,3.493,10.368
2022Q4,IN,509,67.8,3.52,9.132
2023Q1,IN,514,68.3,3.558,8.137
2023Q2,IN,514,68.2,3.606,7.173
2023Q3,IN,514,68.4,3.585,5.8
2023Q4,IN,509,69.3,3.584,4.756
2024Q1,IN,511,69.8,3.563,3.69
2024Q2,IN,509,70.0,3.596,3.678
2024Q3,IN,505,70.3,3.622,3.773
2024Q4,IN,508,70.5,3.641,3.721
2017Q1,KS,282,54.2,3.957,2.569
2017Q2,KS,299,53.1,3.958,
2017Q3,KS,300,52.8,4.001,2.576
2017Q4,KS,288,53.0,3.993,2.648
2018Q1,KS,310,53.1,3.963,2.845
2018Q2,KS,303,53.4,3.984,2.649
2018Q3,KS,310,52.7,3.959,2.745
2018Q4,KS,317,52.7,3.899,3.308
2019Q1,KS,319,52.3,3.963,3.722
2019Q2,KS,318,51.9,4.024,3.75
2019Q3,KS,315,51.6,3.994,3.626
2019Q4,KS,318,51.8,3.93,4.119
2020Q1,KS,292,51.6,3.937,3.88
2020Q2,KS,315,50.0,4.076,4.45
2020Q3,KS,312,49.0,4.025,5.128
2020Q4,KS,315,46.0,4.139,6.624
2021Q1,KS,314,44.3,4.219,6.604
2021Q2,KS,315,45.5,4.037,7.492
2021Q3,KS,316,46.7,3.838,8.813
2021Q4,KS,306,47.3,3.822,10.792
2022Q1,KS,305,47.7,3.783,10.641
2022Q2,KS,306,47.9,3.856,10.778
2022Q3,KS,303,48.0,3.908,11.114
2022Q4,KS,295,48.6,3.885,10.571
2023Q1,KS,299,49.1,3.849,9.647
2023Q2,KS,299,48.9,3.884,8.153
2023Q3,KS,299,49.2,3.884,6.959
2023Q4,KS,299,49.4,3.882,6.804
2024Q1,KS,298,49.9,3.881,6.442
2024Q2,KS,298,49.6,3.963,5.945
2024Q3,KS,296,50.0,3.976,5.693
2024Q4,KS,297,50.1,3.965,5.993
2017Q1,KY,247,80.4,3.813,2.237
2017Q2,KY,248,80.7,3.813,
2017Q3,KY,263,80.2,3.805,2.362
2017Q4,KY,261,80.6,3.841,2.389
2018Q1,KY,270,80.7,3.826,2.544
2018Q2,KY,275,80.4,3.869,2.934
2018Q3,KY,254,81.9,3.836,3.561
2018Q4,KY,280,80.6,3.802,3.362
2019Q1,KY,277,80.6,3.809,3.072
2019Q2,KY,279,80.0,3.827,3.403
2019Q3,KY,282,80.5,3.854,3.372
2019Q4,KY,279,80.6,3.813,3.687
2020Q1,KY,243,81.4,3.88,3.704
2020Q2,KY,278,75.7,3.916,3.812
2020Q3,KY,275,74.4,3.866,4.897
2020Q4,KY,274,70.9,4.014,6.136
2021Q1,KY,273,69.7,3.936,5.88
2021Q2,KY,274,72.3,3.738,6.244
2021Q3,KY,275,73.6,3.65,7.759
2021Q4,KY,274,73.6,3.623,8.8
2022Q1,KY,270,73.7,3.621,10.264
2022Q2,KY,268,75.1,3.68,11.8
2022Q3,KY,273,75.0,3.696,11.208
2022Q4,KY,273,75.0,3.695,10.914
2023Q1,KY,271,75.4,3.754,9.67
2023Q2,KY,268,76.9,3.716,8.861
2023Q3,KY,265,78.0,3.768,7.698
2023Q4,KY,265,78.3,3.765,6.72
2024Q1,KY,265,78.8,3.76,5.878
2024Q2,KY,264,79.2,3.767,5.95
2024Q3,KY,265,79.3,3.775,5.381
2024Q4,KY,265,79.5,3.869,4.697
2017Q1,LA,250,96.8,3.475,0.743
2017Q2,LA,244,96.9,3.512,
2017Q3,LA,258,97.4,3.485,0.749
2017Q4,LA,262,96.7,3.551,0.779
2018Q1,LA,261,96.5,3.563,0.915
2018Q2,LA,264,96.2,3.618,0.981
2018Q3,LA,265,95.7,3.621,1.115
2018Q4,LA,269,95.9,3.629,1.141
2019Q1,LA,266,96.0,3.55,1.63
2019Q2,LA,266,95.5,3.585,2.135
2019Q3,LA,266,96.1,3.622,1.734
2019Q4,LA,268,95.7,3.598,1.753
2020Q1,LA,211,98.0,3.553,1.968
2020Q2,LA,265,85.5,3.697,2.6
2020Q3,LA,263,82.7,3.632,3.268
2020Q4,LA,229,81.6,3.751,3.353
2021Q1,LA,257,81.3,3.657,3.736
2021Q2,LA,258,82.8,3.539,5.099
2021Q3,LA,252,83.3,3.526,6.186
2021Q4,LA,252,86.2,3.426,6.945
2022Q1,LA,255,85.7,3.386,7.876
2022Q2,LA,254,86.8,3.533,8.073
2022Q3,LA,253,87.7,3.527,7.181
2022Q4,LA,257,87.8,3.52,6.868
2023Q1,LA,255,88.5,3.495,6.894
2023Q2,LA,253,87.5,3.556,5.81
2023Q3,LA,255,88.1,3.598,5.192
2023Q4,LA,258,88.8,3.593,4.438
2024Q1,LA,261,89.2,3.551,4.627
2024Q2,LA,255,90.4,3.612,4.444
2024Q3,LA,256,90.7,3.668,3.999
2024Q4,LA,260,90.3,3.69,3.835
2017Q1,MA,380,99.0,3.747,2.355
2017Q2,MA,372,97.0,3.773,
2017Q3,MA,374,97.8,3.732,2.636
2017Q4,MA,365,97.7,3.763,2.977
2018Q1,MA,385,98.7,3.722,3.124
2018Q2,MA,380,97.6,3.759,2.775
2018Q3,MA,378,97.8,3.687,2.961
2018Q4,MA,381,98.8,3.727,2.803
2019Q1,MA,378,98.9,3.716,2.573
2019Q2,MA,379,97.9,3.719,2.569
2019Q3,MA,364,100.5,3.664,2.9
2019Q4,MA,373,99.4,3.648,2.987
2020Q1,MA,281,98.5,3.738,2.761
2020Q2,MA,364,83.3,3.955,4.514
2020Q3,MA,363,82.1,3.945,4.569
2020Q4,MA,367,82.2,3.971,4.916
2021Q1,MA,366,81.6,3.975,5.287
2021Q2,MA,359,85.2,3.788,6.111
2021Q3,MA,360,87.7,3.609,7.057
2021Q4,MA,356,88.8,3.578,7.91
2022Q1,MA,356,88.3,3.613,9.112
2022Q2,MA,355,89.7,3.648,10.496
2022Q3,MA,351,90.6,3.597,12.053
2022Q4,MA,352,92.1,3.626,12.973
2023Q1,MA,346,94.2,3.654,13.081
2023Q2,MA,346,93.9,3.707,12.895
2023Q3,MA,346,94.2,3.687,11.947
2023Q4,MA,345,94.5,3.665,10.864
2024Q1,MA,342,96.0,3.703,9.852
2024Q2,MA,341,95.2,3.724,8.673
2024Q3,MA,342,95.3,3.766,8.201
2024Q4,MA,340,96.1,3.81,7.153
2017Q1,MD,212,111.7,3.867,1.516
2017Q2,MD,197,108.8,3.938,
2017Q3,MD,215,108.5,3.88,1.763
2017Q4,MD,217,109.2,3.859,1.2
2018Q1,MD,218,109.0,3.821,1.482
2018Q2,MD,221,107.7,3.891,1.608
2018Q3,MD,219,107.4,3.873,1.697
2018Q4,MD,222,107.6,3.882,2.144
2019Q1,MD,222,106.6,3.826,1.983
2019Q2,MD,222,106.8,3.837,2.406
2019Q3,MD,226,105.2,3.833,2.885
2019Q4,MD,220,106.6,3.809,3.076
2020Q1,MD,156,100.5,3.857,4.212
2020Q2,MD,222,92.5,4.045,4.794
2020Q3,MD,223,90.5,3.989,4.87
2020Q4,MD,218,92.0,4.001,5.467
2021Q1,MD,220,89.9,3.984,6.371
2021Q2,MD,222,92.5,3.787,8.011
2021Q3,MD,220,94.7,3.717,10.164
2021Q4,MD,220,95.8,3.707,12.044
2022Q1,MD,220,96.7,3.702,13.466
2022Q2,MD,219,98.1,3.72,14.33
2022Q3,MD,219,99.8,3.614,15.159
2022Q4,MD,220,100.6,3.665,15.76
2023Q1,MD,219,102.7,3.698,15.134
2023Q2,MD,218,102.3,3.697,14.995
2023Q3,MD,220,102.8,3.661,12.68
2023Q4,MD,217,103.5,3.654,12.079
2024Q1,MD,220,104.5,3.693,11.263
2024Q2,MD,214,105.5,3.768,10.28
2024Q3,MD,219,104.8,3.709,9.971
2024Q4,MD,219,104.9,3.735,9.382
2017Q1,ME,96,60.5,4.406,7.361
2017Q2,ME,97,59.9,4.5,
2017Q3,ME,90,58.9,4.443,7.834
2017Q4,ME,93,60.6,4.325,7.639
2018Q1,ME,97,60.1,4.426,7.255
2018Q2,ME,98,60.1,4.46,7.958
2018Q3,ME,95,61.3,4.357,8.196
2018Q4,ME,89,62.7,4.406,10.684
2019Q1,ME,92,63.1,4.313,10.721
2019Q2,ME,90,63.3,4.348,11.0
2019Q3,ME,91,63.2,4.388,11.946
2019Q4,ME,91,63.0,4.441,12.083
2020Q1,ME,62,67.7,4.468,13.626
2020Q2,ME,89,57.6,4.657,12.67
2020Q3,ME,91,57.5,4.525,13.66
2020Q4,ME,90,56.6,4.58,14.33
2021Q1,ME,91,53.5,4.652,12.855
2021Q2,ME,90,55.3,4.403,14.332
2021Q3,ME,90,54.8,4.301,13.71
2021Q4,ME,88,53.5,4.283,15.431
2022Q1,ME,86,54.3,4.336,17.645
2022Q2,ME,86,56.5,4.321,20.351
2022Q3,ME,85,58.4,4.308,21.953
2022Q4,ME,86,57.1,4.374,20.971
2023Q1,ME,85,59.9,4.447,22.433
2023Q2,ME,85,59.5,4.486,22.939
2023Q3,ME,85,60.0,4.351,20.869
2023Q4,ME,82,61.4,4.329,18.323
2024Q1,ME,81,62.8,4.346,17.754
2024Q2,ME,81,62.9,4.303,15.944
2024Q3,ME,78,64.8,4.233,14.319
2024Q4,ME,77,64.8,4.326,13.231
2017Q1,MI,407,89.9,3.991,0.88
2017Q2,MI,403,88.3,4.064,
2017Q3,MI,428,87.2,4.024,0.81
2017Q4,MI,422,87.5,4.021,0.801
2018Q1,MI,432,87.6,4.019,0.927
2018Q2,MI,417,87.6,4.056,1.106
2018Q3,MI,423,87.4,4.06,1.304
2018Q4,MI,428,87.8,4.019,1.341
2019Q1,MI,431,88.1,4.0,1.265
2019Q2,MI,437,86.6,4.065,1.282
2019Q3,MI,433,86.8,4.041,1.335
2019Q4,MI,433,86.2,4.071,1.627
2020Q1,MI,325,84.8,4.103,0.924
2020Q2,MI,424,76.2,4.119,1.668
2020Q3,MI,427,74.9,3.947,1.875
2020Q4,MI,423,73.4,4.071,3.053
2021Q1,MI,425,71.4,4.037,3.525
2021Q2,MI,420,73.4,3.836,4.431
2021Q3,MI,419,74.6,3.669,6.19
2021Q4,MI,409,72.8,3.812,6.29
2022Q1,MI,424,75.1,3.784,8.348
2022Q2,MI,424,75.6,3.786,8.923
2022Q3,MI,422,77.2,3.799,8.146
2022Q4,MI,424,77.4,3.773,6.653
2023Q1,MI,423,78.9,3.82,5.828
2023Q2,MI,422,79.3,3.855,5.491
2023Q3,MI,416,80.1,3.824,3.722
2023Q4,MI,418,81.0,3.832,3.766
2024Q1,MI,422,81.7,3.811,3.546
2024Q2,MI,421,81.3,3.843,3.251
2024Q3,MI,417,82.3,3.908,3.043
2024Q4,MI,421,83.2,3.946,2.949
2017Q1,MN,339,67.7,4.071,1.569
2017Q2,MN,344,65.9,4.064,
2017Q3,MN,344,66.6,3.982,1.199
2017Q4,MN,348,65.2,4.092,1.303
2018Q1,MN,361,66.4,4.112,1.462
2018Q2,MN,360,65.8,4.164,1.534
2018Q3,MN,362,65.9,4.137,1.444
2018Q4,MN,360,65.5,4.139,1.857
2019Q1,MN,368,65.5,4.143,1.817
2019Q2,MN,360,65.0,4.197,1.952
2019Q3,MN,359,65.7,4.203,1.882
2019Q4,MN,356,65.0,4.191,2.3
2020Q1,MN,310,65.2,4.232,2.477
2020Q2,MN,346,60.1,4.485,2.207
2020Q3,MN,349,58.9,4.418,2.422
2020Q4,MN,347,56.9,4.423,3.037
2021Q1,MN,352,55.7,4.525,3.2
2021Q2,MN,352,57.4,4.341,3.807
2021Q3,MN,351,57.7,4.153,4.317
2021Q4,MN,332,56.2,4.18,5.063
2022Q1,MN,355,55.5,4.16,6.636
2022Q2,MN,346,56.0,4.121,7.231
2022Q3,MN,349,56.2,4.041,7.837
2022Q4,MN,346,56.6,4.012,8.927
2023Q1,MN,347,57.5,4.025,8.248
2023Q2,MN,340,57.5,4.108,9.455
2023Q3,MN,339,57.4,4.067,8.807
2023Q4,MN,338,57.6,4.085,8.79
2024Q1,MN,338,58.4,4.15,8.325
2024Q2,MN,337,58.4,4.201,7.396
2024Q3,MN,338,58.8,4.197,6.946
2024Q4,MN,338,59.1,4.186,6.695
2017Q1,MO,454,74.1,3.358,1.487
2017Q2,MO,461,74.2,3.317,
2017Q3,MO,463,74.6,3.325,1.349
2017Q4,MO,468,73.2,3.385,1.449
2018Q1,MO,490,72.2,3.4,1.915
2018Q2,MO,478,73.5,3.388,2.096
2018Q3,MO,485,71.8,3.452,1.89
2018Q4,MO,497,72.8,3.41,1.62
2019Q1,MO,489,71.7,3.434,1.633
2019Q2,MO,506,73.6,3.385,1.832
2019Q3,MO,503,73.2,3.402,2.175
2019Q4,MO,500,73.8,3.391,2.02
2020Q1,MO,443,72.7,3.348,1.694
2020Q2,MO,474,67.2,3.504,2.5
2020Q3,MO,490,66.5,3.421,2.969
2020Q4,MO,472,62.0,3.608,3.903
2021Q1,MO,479,60.8,3.551,3.876
2021Q2,MO,472,62.7,3.351,4.25
2021Q3,MO,485,64.8,2.995,5.769
2021Q4,MO,464,66.6,3.083,7.101
2022Q1,MO,482,65.2,3.073,9.532
2022Q2,MO,491,66.9,3.127,9.716
2022Q3,MO,491,67.6,3.141,10.003
2022Q4,MO,493,68.3,3.098,9.416
2023Q1,MO,484,69.1,3.149,9.159
2023Q2,MO,475,69.7,3.187,8.795
2023Q3,MO,486,70.0,3.196,7.515
2023Q4,MO,483,70.5,3.233,6.378
2024Q1,MO,486,70.9,3.212,6.482
2024Q2,MO,475,71.2,3.242,6.091
2024Q3,MO,474,71.7,3.279,6.082
2024Q4,MO,474,72.0,3.297,4.443
2017Q1,MS,183,79.1,3.892,1.029
2017Q2,MS,186,79.1,3.874,
2017Q3,MS,195,78.3,3.89,1.582
2017Q4,MS,194,78.3,3.953,1.437
2018Q1,MS,197,77.6,3.943,1.614
2018Q2,MS,197,77.7,3.994,1.861
2018Q3,MS,200,76.6,4.036,2.158
2018Q4,MS,200,77.3,3.969,1.995
2019Q1,MS,202,77.6,3.95,1.93
2019Q2,MS,200,78.5,3.966,1.572
2019Q3,MS,197,78.0,3.996,1.31
2019Q4,MS,199,78.5,3.956,1.279
2020Q1,MS,158,76.0,3.934,1.612
2020Q2,MS,194,73.1,3.986,1.928
2020Q3,MS,202,67.3,4.027,3.349
2020Q4,MS,174,66.9,4.146,4.306
2021Q1,MS,201,64.8,4.068,4.782
2021Q2,MS,200,66.8,3.882,6.25
2021Q3,MS,200,67.2,3.908,7.973
2021Q4,MS,201,67.7,3.871,8.739
2022Q1,MS,200,67.7,3.871,10.682
2022Q2,MS,200,68.4,3.853,11.243
2022Q3,MS,199,69.5,3.905,10.264
2022Q4,MS,199,69.8,3.848,8.954
2023Q1,MS,199,71.1,3.878,8.914
2023Q2,MS,200,72.2,3.881,8.089
2023Q3,MS,200,72.7,3.955,7.367
2023Q4,MS,201,72.7,3.94,6.953
2024Q1,MS,200,73.2,3.903,7.078
2024Q2,MS,198,73.7,3.997,6.965
2024Q3,MS,200,73.7,4.057,5.825
2024Q4,MS,198,73.8,4.065,5.31
2017Q1,MT,70,58.2,3.838,5.991
2017Q2,MT,63,56.8,3.947,
2017Q3,MT,73,56.4,3.771,7.978
2017Q4,MT,67,56.6,3.789,6.373
2018Q1,MT,66,56.2,3.801,6.438
2018Q2,MT,65,55.7,3.776,6.302
2018Q3,MT,63,58.2,3.715,8.832
2018Q4,MT,70,57.5,3.759,10.758
2019Q1,MT,72,56.5,3.761,9.526
2019Q2,MT,71,55.3,3.783,9.094
2019Q3,MT,69,55.1,3.7,7.864
2019Q4,MT,69,56.0,3.708,9.301
2020Q1,MT,50,53.3,3.799,7.409
2020Q2,MT,68,53.6,3.851,7.914
2020Q3,MT,68,52.6,3.765,8.503
2020Q4,MT,66,46.1,3.906,8.527
2021Q1,MT,68,46.3,3.998,10.334
2021Q2,MT,68,48.4,3.77,11.145
2021Q3,MT,67,48.3,3.707,13.786
2021Q4,MT,69,45.5,3.516,13.26
2022Q1,MT,68,45.5,3.702,15.404
2022Q2,MT,66,47.5,3.778,18.703
2022Q3,MT,64,48.5,3.699,21.493
2022Q4,MT,61,50.8,3.602,20.965
2023Q1,MT,60,52.9,3.596,19.037
2023Q2,MT,58,54.6,3.577,14.446
2023Q3,MT,60,54.3,3.496,14.004
2023Q4,MT,59,54.2,3.611,11.648
2024Q1,MT,59,54.3,3.774,12.306
2024Q2,MT,60,54.8,3.779,13.677
2024Q3,MT,58,54.5,3.749,13.913
2024Q4,MT,58,55.5,3.795,13.343
2017Q1,NC,374,87.5,3.51,1.71
2017Q2,NC,377,86.7,3.571,
2017Q3,NC,394,87.0,3.605,2.221
2017Q4,NC,387,86.3,3.606,1.886
2018Q1,NC,399,85.6,3.635,2.891
2018Q2,NC,406,85.2,3.659,3.289
2018Q3,NC,407,85.4,3.63,2.954
2018Q4,NC,407,85.5,3.579,3.086
2019Q1,NC,414,85.9,3.618,3.248
2019Q2,NC,414,85.6,3.637,3.424
2019Q3,NC,412,85.4,3.628,3.534
2019Q4,NC,409,86.5,3.567,2.756
2020Q1,NC,312,85.0,3.597,2.82
2020Q2,NC,407,79.0,3.689,3.37
2020Q3,NC,409,76.1,3.704,5.631
2020Q4,NC,401,73.8,3.776,6.338
2021Q1,NC,407,70.2,3.821,7.809
2021Q2,NC,409,73.9,3.595,8.644
2021Q3,NC,409,76.3,3.46,10.45
2021Q4,NC,409,76.8,3.44,12.954
2022Q1,NC,411,76.8,3.468,15.179
2022Q2,NC,413,77.7,3.58,17.837
2022Q3,NC,406,78.9,3.538,18.203
2022Q4,NC,405,79.8,3.524,18.534
2023Q1,NC,410,80.1,3.598,17.834
2023Q2,NC,406,81.4,3.59,15.75
2023Q3,NC,408,82.0,3.633,12.429
2023Q4,NC,413,82.1,3.649,10.814
2024Q1,NC,410,83.6,3.613,9.988
2024Q2,NC,409,83.4,3.624,9.943
2024Q3,NC,410,83.8,3.662,9.634
2024Q4,NC,410,85.3,3.657,9.233
2017Q1,ND,72,70.7,4.419,3.485
2017Q2,ND,72,70.7,4.442,
2017Q3,ND,75,70.3,4.378,3.484
2017Q4,ND,73,71.0,4.504,4.043
2018Q1,ND,73,67.4,4.507,3.76
2018Q2,ND,77,68.4,4.564,3.276
2018Q3,ND,76,69.9,4.513,4.348
2018Q4,ND,78,68.0,4.477,4.894
2019Q1,ND,75,68.7,4.49,4.231
2019Q2,ND,78,67.2,4.548,4.783
2019Q3,ND,77,67.5,4.524,5.744
2019Q4,ND,76,67.7,4.499,5.889
2020Q1,ND,70,68.9,4.436,5.601
2020Q2,ND,77,61.2,4.69,5.261
2020Q3,ND,77,62.3,4.538,5.461
2020Q4,ND,73,57.8,4.739,7.651
2021Q1,ND,76,55.7,4.827,6.434
2021Q2,ND,76,57.9,4.515,7.64
2021Q3,ND,77,58.7,4.455,9.873
2021Q4,ND,74,59.4,4.476,11.581
2022Q1,ND,77,58.4,4.484,13.637
2022Q2,ND,76,59.2,4.537,14.268
2022Q3,ND,75,60.2,4.461,15.452
2022Q4,ND,75,60.0,4.451,15.887
2023Q1,ND,75,59.4,4.524,14.968
2023Q2,ND,73,60.5,4.556,13.508
2023Q3,ND,74,61.1,4.523,13.075
2023Q4,ND,72,62.3,4.493,13.661
2024Q1,ND,74,61.7,4.5,13.337
2024Q2,ND,68,60.9,4.652,12.5
2024Q3,ND,71,62.6,4.592,11.823
2024Q4,ND,73,61.7,4.565,13.259
2017Q1,NE,187,53.9,4.079,2.432
2017Q2,NE,183,53.7,4.067,
2017Q3,NE,200,53.5,4.111,2.285
2017Q4,NE,192,52.9,4.109,2.836
2018Q1,NE,177,54.8,4.103,3.519
2018Q2,NE,187,54.0,4.102,3.286
2018Q3,NE,196,54.0,4.064,3.625
2018Q4,NE,194,54.0,4.053,3.834
2019Q1,NE,197,53.9,4.049,3.959
2019Q2,NE,197,54.9,4.091,3.914
2019Q3,NE,190,56.2,4.107,3.993
2019Q4,NE,190,56.2,4.096,4.775
2020Q1,NE,150,53.1,3.978,4.596
2020Q2,NE,185,53.0,4.314,4.353
2020Q3,NE,184,51.7,4.266,4.602
2020Q4,NE,186,48.9,4.372,5.969
2021Q1,NE,189,48.1,4.35,5.216
2021Q2,NE,186,49.4,4.167,5.831
2021Q3,NE,188,50.8,3.987,7.031
2021Q4,NE,187,50.5,3.953,9.948
2022Q1,NE,185,50.4,3.906,11.175
2022Q2,NE,181,51.5,4.022,12.935
2022Q3,NE,184,51.7,3.976,13.83
2022Q4,NE,181,51.8,3.93,14.223
2023Q1,NE,179,52.5,4.003,14.645
2023Q2,NE,183,51.4,4.033,14.072
2023Q3,NE,182,53.0,3.974,13.235
2023Q4,NE,181,53.7,3.965,10.965
2024Q1,NE,179,54.0,3.977,11.396
2024Q2,NE,176,53.9,4.102,10.298
2024Q3,NE,179,53.8,4.109,9.361
2024Q4,NE,180,53.5,4.053,9.04
2017Q1,NH,69,90.2,3.978,4.198
2017Q2,NH,71,87.9,4.032,
2017Q3,NH,72,85.3,4.008,5.117
2017Q4,NH,70,88.9,3.976,5.117
2018Q1,NH,71,88.2,3.949,5.635
2018Q2,NH,73,87.9,4.001,6.942
2018Q3,NH,72,88.8,3.896,6.343
2018Q4,NH,73,88.1,3.892,6.443
2019Q1,NH,72,89.1,3.877,6.578
2019Q2,NH,73,87.6,3.879,7.155
2019Q3,NH,72,88.0,3.843,8.815
2019Q4,NH,73,88.2,3.779,7.893
2020Q1,NH,65,89.3,3.834,8.168
2020Q2,NH,69,83.4,3.997,8.239
2020Q3,NH,72,79.1,3.959,8.899
2020Q4,NH,71,75.8,4.0,8.906
2021Q1,NH,73,72.9,4.142,6.583
2021Q2,NH,71,77.6,3.924,6.758
2021Q3,NH,72,76.8,3.79,8.761
2021Q4,NH,73,75.1,3.669,8.708
2022Q1,NH,71,75.6,3.816,8.98
2022Q2,NH,72,76.9,3.745,11.316
2022Q3,NH,71,77.5,3.718,15.763
2022Q4,NH,72,75.9,3.729,18.328
2023Q1,NH,73,77.6,3.762,17.825
2023Q2,NH,73,77.9,3.77,18.341
2023Q3,NH,73,79.5,3.707,17.586
2023Q4,NH,73,79.6,3.745,16.815
2024Q1,NH,73,80.0,3.738,16.763
2024Q2,NH,72,80.9,3.744,15.385
2024Q3,NH,73,80.8,3.736,15.133
2024Q4,NH,74,80.1,3.69,15.126
2017Q1,NJ,344,122.5,3.631,2.159
2017Q2,NJ,325,119.8,3.67,
2017Q3,NJ,335,119.4,3.616,2.334
2017Q4,NJ,332,121.1,3.65,2.841
2018Q1,NJ,351,121.5,3.616,2.975
2018Q2,NJ,356,121.6,3.639,3.097
2018Q3,NJ,358,120.4,3.602,3.682
2018Q4,NJ,347,120.9,3.587,3.684
2019Q1,NJ,361,120.1,3.601,3.868
2019Q2,NJ,356,119.8,3.589,4.124
2019Q3,NJ,361,119.2,3.55,5.062
2019Q4,NJ,358,118.9,3.578,4.941
2020Q1,NJ,246,109.8,3.643,5.03
2020Q2,NJ,350,98.8,3.839,7.497
2020Q3,NJ,353,95.7,3.849,5.078
2020Q4,NJ,359,96.5,3.836,5.439
2021Q1,NJ,357,98.5,3.819,6.245
2021Q2,NJ,352,99.6,3.732,6.762
2021Q3,NJ,349,103.9,3.587,7.979
2021Q4,NJ,351,105.8,3.61,10.024
2022Q1,NJ,347,108.0,3.641,12.464
2022Q2,NJ,345,109.2,3.612,13.397
2022Q3,NJ,344,110.1,3.563,14.217
2022Q4,NJ,347,111.4,3.572,15.18
2023Q1,NJ,347,113.6,3.569,15.659
2023Q2,NJ,344,113.3,3.595,15.388
2023Q3,NJ,336,113.7,3.59,14.898
2023Q4,NJ,346,114.9,3.591,14.978
2024Q1,NJ,345,117.5,3.623,15.24
2024Q2,NJ,345,117.2,3.636,14.012
2024Q3,NJ,345,117.0,3.661,14.129
2024Q4,NJ,347,117.7,3.691,13.469
2017Q1,NM,68,82.5,3.381,3.799
2017Q2,NM,70,80.7,3.396,
2017Q3,NM,68,79.8,3.371,5.529
2017Q4,NM,70,78.1,3.399,4.309
2018Q1,NM,71,79.5,3.428,3.712
2018Q2,NM,70,78.4,3.411,4.426
2018Q3,NM,73,77.3,3.441,4.749
2018Q4,NM,72,77.3,3.412,5.281
2019Q1,NM,72,78.6,3.383,6.375
2019Q2,NM,69,80.6,3.373,7.251
2019Q3,NM,70,79.8,3.453,7.283
2019Q4,NM,70,80.0,3.487,6.873
2020Q1,NM,64,76.8,3.609,7.265
2020Q2,NM,67,73.5,3.736,7.329
2020Q3,NM,69,69.6,3.799,7.725
2020Q4,NM,67,67.7,3.76,8.969
2021Q1,NM,69,65.3,3.811,9.308
2021Q2,NM,67,69.8,3.598,9.784
2021Q3,NM,66,72.1,3.54,10.897
2021Q4,NM,68,70.5,3.482,11.511
2022Q1,NM,68,71.9,3.43,12.207
2022Q2,NM,68,72.3,3.528,13.614
2022Q3,NM,67,74.9,3.508,14.548
2022Q4,NM,67,75.4,3.36,11.801
2023Q1,NM,66,77.2,3.388,9.437
2023Q2,NM,67,77.9,3.406,7.785
2023Q3,NM,66,79.0,3.356,6.247
2023Q4,NM,66,79.7,3.358,5.648
2024Q1,NM,66,81.1,3.371,7.144
2024Q2,NM,66,80.4,3.394,7.517
2024Q3,NM,65,81.6,3.303,7.218
2024Q4,NM,67,79.9,3.364,8.487
2017Q1,NV,52,95.2,3.916,0.643
2017Q2,NV,47,98.1,3.958,
2017Q3,NV,52,96.7,3.963,0.986
2017Q4,NV,53,96.4,3.931,0.811
2018Q1,NV,54,96.7,3.79,0.791
2018Q2,NV,58,93.8,3.921,0.968
2018Q3,NV,55,91.3,3.985,1.168
2018Q4,NV,56,93.4,3.977,1.959
2019Q1,NV,58,92.0,3.944,2.308
2019Q2,NV,56,92.7,3.952,2.864
2019Q3,NV,59,92.1,3.972,2.837
2019Q4,NV,60,95.3,3.906,3.209
2020Q1,NV,51,98.5,3.983,3.083
2020Q2,NV,59,82.8,4.109,2.085
2020Q3,NV,61,80.6,4.163,2.271
2020Q4,NV,62,78.2,4.196,2.735
2021Q1,NV,60,79.6,4.096,3.085
2021Q2,NV,62,78.1,3.998,4.074
2021Q3,NV,63,82.1,3.85,4.837
2021Q4,NV,61,84.3,3.854,6.82
2022Q1,NV,61,81.8,3.906,7.998
2022Q2,NV,61,84.2,3.82,8.859
2022Q3,NV,62,83.9,3.861,8.162
2022Q4,NV,62,86.4,3.824,7.83
2023Q1,NV,61,90.3,3.763,5.83
2023Q2,NV,64,86.6,3.826,5.673
2023Q3,NV,65,86.9,3.835,4.71
2023Q4,NV,64,88.4,3.772,3.533
2024Q1,NV,64,89.3,3.836,3.386
2024Q2,NV,66,88.7,3.757,2.778
2024Q3,NV,66,89.2,3.816,3.471
2024Q4,NV,65,91.0,3.849,4.054
2017Q1,NY,557,170.1,3.554,8.245
2017Q2,NY,551,170.9,3.572,
2017Q3,NY,566,169.2,3.559,9.213
2017Q4,NY,553,168.2,3.615,8.114
2018Q1,NY,573,170.8,3.587,8.842
2018Q2,NY,591,167.9,3.64,9.07
2018Q3,NY,601,168.8,3.592,9.632
2018Q4,NY,604,168.1,3.626,9.558
2019Q1,NY,603,169.7,3.611,9.134
2019Q2,NY,607,168.2,3.631,9.194
2019Q3,NY,613,168.8,3.603,9.462
2019Q4,NY,604,169.7,3.607,9.505
2020Q1,NY,441,170.8,3.585,7.914
2020Q2,NY,590,147.5,3.745,8.678
2020Q3,NY,600,146.0,3.714,8.226
2020Q4,NY,603,145.0,3.688,8.891
2021Q1,NY,601,144.5,3.665,9.134
2021Q2,NY,598,149.2,3.517,9.761
2021Q3,NY,598,152.5,3.384,10.606
2021Q4,NY,595,153.1,3.39,11.6
2022Q1,NY,602,153.5,3.413,12.676
2022Q2,NY,599,156.2,3.456,14.277
2022Q3,NY,599,157.1,3.43,15.659
2022Q4,NY,599,159.0,3.409,15.821
2023Q1,NY,600,160.3,3.445,15.923
2023Q2,NY,601,160.7,3.5,16.264
2023Q3,NY,602,160.9,3.517,15.787
2023Q4,NY,603,161.2,3.562,13.578
2024Q1,NY,601,163.4,3.552,12.724
2024Q2,NY,597,163.5,3.593,12.198
2024Q3,NY,598,164.2,3.553,12.512
2024Q4,NY,596,164.3,3.594,11.849
2017Q1,OH,893,78.7,3.59,1.079
2017Q2,OH,874,77.7,3.636,
2017Q3,OH,915,77.6,3.606,1.428
2017Q4,OH,905,77.2,3.619,1.502
2018Q1,OH,931,76.1,3.635,1.81
2018Q2,OH,920,75.7,3.633,1.916
2018Q3,OH,935,75.5,3.615,2.214
2018Q4,OH,936,76.1,3.614,2.31
2019Q1,OH,950,75.8,3.561,2.412
2019Q2,OH,942,75.9,3.56,2.72
2019Q3,OH,943,75.5,3.567,2.94
2019Q4,OH,942,75.2,3.578,3.0
2020Q1,OH,757,76.0,3.56,2.61
2020Q2,OH,933,70.0,3.678,2.96
2020Q3,OH,906,68.5,3.615,3.326
2020Q4,OH,931,66.0,3.737,4.399
2021Q1,OH,926,63.4,3.736,5.106
2021Q2,OH,932,64.5,3.531,6.189
2021Q3,OH,927,66.4,3.412,8.194
2021Q4,OH,928,66.9,3.481,10.113
2022Q1,OH,940,67.3,3.45,11.426
2022Q2,OH,930,67.3,3.498,10.714
2022Q3,OH,929,68.5,3.412,9.456
2022Q4,OH,936,69.0,3.437,9.869
2023Q1,OH,929,70.0,3.483,9.483
2023Q2,OH,902,70.5,3.544,8.95
2023Q3,OH,921,71.0,3.568,7.236
2023Q4,OH,924,71.3,3.582,6.185
2024Q1,OH,918,72.5,3.57,6.029
2024Q2,OH,922,72.0,3.628,5.893
2024Q3,OH,918,72.4,3.631,5.574
2024Q4,OH,915,72.5,3.638,5.265
2017Q1,OK,233,63.4,3.618,0.988
2017Q2,OK,265,61.6,3.648,
2017Q3,OK,261,62.5,3.626,1.258
2017Q4,OK,266,60.7,3.66,1.271
2018Q1,OK,263,60.9,3.627,0.853
2018Q2,OK,266,61.7,3.644,0.941
2018Q3,OK,263,63.1,3.661,0.866
2018Q4,OK,265,62.4,3.644,0.895
2019Q1,OK,263,62.1,3.578,1.273
2019Q2,OK,273,62.3,3.602,1.493
2019Q3,OK,270,62.7,3.629,1.341
2019Q4,OK,270,62.1,3.687,1.791
2020Q1,OK,221,59.3,3.722,1.548
2020Q2,OK,268,58.7,3.962,1.595
2020Q3,OK,256,57.0,3.949,1.615
2020Q4,OK,269,54.3,4.074,1.824
2021Q1,OK,278,51.7,4.04,2.013
2021Q2,OK,283,52.6,3.813,2.617
2021Q3,OK,280,54.5,3.688,3.637
2021Q4,OK,277,55.3,3.707,4.229
2022Q1,OK,274,54.8,3.677,5.876
2022Q2,OK,279,54.7,3.741,6.121
2022Q3,OK,273,56.2,3.731,6.116
2022Q4,OK,276,56.7,3.724,5.21
2023Q1,OK,276,57.3,3.734,5.095
2023Q2,OK,270,57.6,3.735,4.498
2023Q3,OK,276,58.2,3.704,3.753
2023Q4,OK,279,58.6,3.694,3.668
2024Q1,OK,276,59.2,3.701,3.054
2024Q2,OK,276,59.2,3.705,3.108
2024Q3,OK,277,59.9,3.753,3.384
2024Q4,OK,273,60.1,3.773,2.908
2017Q1,OR,127,57.3,4.438,1.775
2017Q2,OR,119,57.1,4.525,
2017Q3,OR,124,53.8,4.531,2.436
2017Q4,OR,130,54.8,4.55,2.199
2018Q1,OR,129,55.1,4.646,3.008
2018Q2,OR,129,54.7,4.646,2.752
2018Q3,OR,118,56.9,4.638,3.166
2018Q4,OR,127,55.8,4.596,3.28
2019Q1,OR,127,56.9,4.612,3.316
2019Q2,OR,128,55.7,4.595,3.416
2019Q3,OR,126,56.5,4.631,3.681
2019Q4,OR,125,56.4,4.65,3.834
2020Q1,OR,121,56.3,4.637,4.018
2020Q2,OR,122,50.6,4.837,4.053
2020Q3,OR,125,51.9,4.857,4.509
2020Q4,OR,123,51.7,4.922,5.488
2021Q1,OR,128,49.8,4.949,6.958
2021Q2,OR,127,50.1,4.798,8.038
2021Q3,OR,125,48.8,4.723,8.51
2021Q4,OR,122,49.6,4.688,8.413
2022Q1,OR,125,48.9,4.879,12.607
2022Q2,OR,125,49.0,4.802,11.455
2022Q3,OR,126,48.0,4.748,12.763
2022Q4,OR,125,48.9,4.829,14.393
2023Q1,OR,125,49.6,4.763,13.891
2023Q2,OR,119,50.1,4.721,12.404
2023Q3,OR,126,51.2,4.6,12.82
2023Q4,OR,126,52.0,4.886,15.059
2024Q1,OR,127,52.5,4.881,12.407
2024Q2,OR,121,52.7,5.012,11.285
2024Q3,OR,127,52.5,5.04,9.897
2024Q4,OR,126,53.4,5.038,9.994
2017Q1,PA,647,112.0,3.699,2.76
2017Q2,PA,624,110.3,3.733,
2017Q3,PA,670,110.7,3.708,2.832
2017Q4,PA,654,110.8,3.696,2.88
2018Q1,PA,662,110.8,3.687,3.424
2018Q2,PA,645,110.5,3.739,3.917
2018Q3,PA,679,109.2,3.68,4.629
2018Q4,PA,682,108.9,3.698,5.259
2019Q1,PA,685,110.4,3.684,5.843
2019Q2,PA,683,109.3,3.677,5.898
2019Q3,PA,685,109.5,3.66,6.205
2019Q4,PA,687,109.4,3.683,6.035
2020Q1,PA,520,103.5,3.758,6.043
2020Q2,PA,679,98.3,3.799,6.575
2020Q3,PA,674,95.8,3.725,6.79
2020Q4,PA,675,92.5,3.786,8.473
2021Q1,PA,681,89.6,3.83,8.48
2021Q2,PA,679,91.9,3.643,9.037
2021Q3,PA,674,94.2,3.501,11.366
2021Q4,PA,676,94.2,3.547,13.491
2022Q1,PA,677,94.7,3.551,14.342
2022Q2,PA,669,95.4,3.543,14.944
2022Q3,PA,669,95.6,3.51,16.774
2022Q4,PA,666,97.4,3.497,17.943
2023Q1,PA,670,98.2,3.542,18.002
2023Q2,PA,668,97.9,3.577,18.319
2023Q3,PA,663,98.9,3.614,18.614
2023Q4,PA,664,99.6,3.661,17.678
2024Q1,PA,665,100.8,3.631,16.148
2024Q2,PA,663,99.9,3.629,14.356
2024Q3,PA,665,101.0,3.706,15.217
2024Q4,PA,656,101.9,3.731,14.144
2017Q3,PR,1,16.3,5.367,2.491
2018Q1,PR,2,26.0,3.547,3.059
2018Q2,PR,3,27.9,3.927,1.569
2018Q3,PR,4,24.1,4.323,0.11
2018Q4,PR,3,22.7,4.156,0.585
2019Q1,PR,3,23.4,4.315,0.742
2019Q2,PR,3,21.2,4.803,1.113
2019Q3,PR,3,22.1,4.593,1.87
2019Q4,PR,3,21.3,4.673,2.337
2020Q1,PR,4,16.9,5.774,2.066
2020Q2,PR,4,8.2,8.77,0.13
2020Q3,PR,4,16.9,5.562,0.775
2020Q4,PR,4,14.6,6.243,0.0
2021Q1,PR,4,13.5,6.365,0.327
2021Q2,PR,3,18.9,4.497,0.0
2021Q3,PR,5,26.7,3.233,3.082
2021Q4,PR,5,26.0,3.006,4.21
2022Q1,PR,4,18.7,3.517,0.0
2022Q2,PR,5,22.0,3.717,0.213
2022Q3,PR,5,23.2,3.843,0.059
2022Q4,PR,5,26.3,3.027,1.604
2023Q1,PR,5,24.6,4.173,0.746
2023Q2,PR,6,23.2,4.257,1.412
2023Q3,PR,6,23.4,4.024,0.703
2023Q4,PR,5,22.5,4.816,1.056
2024Q1,PR,5,20.5,5.216,1.276
2024Q2,PR,6,21.6,4.792,1.676
2024Q3,PR,6,25.1,4.171,1.935
2024Q4,PR,6,20.3,4.885,2.424
2017Q1,RI,76,96.1,3.67,0.681
2017Q2,RI,77,91.4,3.679,
2017Q3,RI,82,94.0,3.675,1.243
2017Q4,RI,79,94.7,3.595,1.177
2018Q1,RI,76,96.8,3.632,1.383
2018Q2,RI,77,94.8,3.612,2.11
2018Q3,RI,83,93.6,3.565,2.411
2018Q4,RI,78,95.6,3.55,2.554
2019Q1,RI,80,96.9,3.567,2.795
2019Q2,RI,78,96.9,3.583,2.861
2019Q3,RI,80,95.8,3.595,2.933
2019Q4,RI,79,96.9,3.593,2.198
2020Q1,RI,68,95.3,3.604,1.838
2020Q2,RI,78,81.1,3.717,2.63
2020Q3,RI,76,79.9,3.729,2.957
2020Q4,RI,77,79.5,3.784,3.129
2021Q1,RI,76,78.4,3.774,4.04
2021Q2,RI,78,80.6,3.67,4.469
2021Q3,RI,73,85.9,3.443,5.428
2021Q4,RI,76,86.2,3.526,8.354
2022Q1,RI,76,85.7,3.591,9.059
2022Q2,RI,72,86.2,3.591,9.326
2022Q3,RI,75,90.3,3.593,11.33
2022Q4,RI,74,91.7,3.646,12.543
2023Q1,RI,75,91.7,3.641,12.328
2023Q2,RI,75,91.6,3.681,11.495
2023Q3,RI,73,91.7,3.558,9.912
2023Q4,RI,73,94.1,3.628,8.66
2024Q1,RI,73,95.1,3.621,6.138
2024Q2,RI,73,94.9,3.632,5.463
2024Q3,RI,73,94.7,3.647,5.987
2024Q4,RI,72,94.1,3.704,5.063
2017Q1,SC,172,94.2,3.787,1.921
2017Q2,SC,172,93.0,3.78,
2017Q3,SC,172,93.7,3.865,3.054
2017Q4,SC,168,94.0,3.872,2.156
2018Q1,SC,178,92.8,3.809,2.505
2018Q2,SC,184,90.1,3.878,2.679
2018Q3,SC,183,90.8,3.857,2.606
2018Q4,SC,182,91.0,3.846,3.237
2019Q1,SC,184,91.3,3.822,3.042
2019Q2,SC,187,90.0,3.81,3.864
2019Q3,SC,175,91.2,3.841,3.457
2019Q4,SC,182,90.9,3.827,3.415
2020Q1,SC,154,89.2,3.84,3.505
2020Q2,SC,184,84.1,3.922,3.721
2020Q3,SC,186,78.4,3.929,5.647
2020Q4,SC,186,77.3,3.996,6.151
2021Q1,SC,185,77.2,3.927,6.729
2021Q2,SC,189,78.1,3.759,8.147
2021Q3,SC,187,79.8,3.544,9.14
2021Q4,SC,186,80.7,3.649,8.684
2022Q1,SC,187,81.2,3.628,9.676
2022Q2,SC,187,80.8,3.682,11.031
2022Q3,SC,184,83.8,3.693,10.726
2022Q4,SC,184,84.3,3.633,9.642
2023Q1,SC,187,84.7,3.663,8.756
2023Q2,SC,182,85.1,3.651,7.947
2023Q3,SC,183,85.8,3.662,6.665
2023Q4,SC,185,86.9,3.63,5.721
2024Q1,SC,185,88.0,3.611,6.275
2024Q2,SC,184,88.6,3.656,6.235
2024Q3,SC,184,89.3,3.651,6.143
2024Q4,SC,183,90.1,3.631,5.988
2017Q1,SD,91,54.0,3.527,5.752
2017Q2,SD,100,54.5,3.526,
2017Q3,SD,99,55.1,3.597,5.55
2017Q4,SD,92,54.7,3.632,6.483
2018Q1,SD,99,54.7,3.622,5.813
2018Q2,SD,98,53.8,3.643,5.612
2018Q3,SD,103,53.1,3.6,6.156
2018Q4,SD,103,53.6,3.619,6.743
2019Q1,SD,102,54.4,3.602,6.647
2019Q2,SD,100,54.2,3.715,7.158
2019Q3,SD,99,54.0,3.671,7.168
2019Q4,SD,101,54.0,3.615,7.336
2020Q1,SD,80,54.6,3.689,6.599
2020Q2,SD,98,51.8,3.749,5.984
2020Q3,SD,97,51.1,3.619,5.274
2020Q4,SD,98,46.8,3.701,6.604
2021Q1,SD,100,45.2,3.752,4.426
2021Q2,SD,97,46.7,3.68,4.534
2021Q3,SD,100,47.2,3.568,5.236
2021Q4,SD,97,47.0,3.544,5.523
2022Q1,SD,101,46.0,3.571,6.537
2022Q2,SD,100,46.3,3.557,7.141
2022Q3,SD,96,48.8,3.574,8.577
2022Q4,SD,94,49.3,3.592,9.15
2023Q1,SD,94,50.9,3.61,8.988
2023Q2,SD,92,51.0,3.672,8.724
2023Q3,SD,92,51.4,3.646,8.872
2023Q4,SD,93,51.5,3.609,9.68
2024Q1,SD,94,50.7,3.719,9.397
2024Q2,SD,94,51.0,3.793,9.151
2024Q3,SD,94,51.3,3.753,9.279
2024Q4,SD,94,51.0,3.767,9.491
2017Q1,TN,292,88.3,3.665,2.144
2017Q2,TN,289,87.7,3.683,
2017Q3,TN,299,87.6,3.709,3.27
2017Q4,TN,297,87.8,3.722,0.854
2018Q1,TN,307,87.2,3.715,1.339
2018Q2,TN,305,87.0,3.768,1.427
2018Q3,TN,311,85.9,3.75,1.237
2018Q4,TN,307,86.2,3.715,1.116
2019Q1,TN,311,86.8,3.694,1.373
2019Q2,TN,311,86.5,3.705,1.391
2019Q3,TN,308,85.8,3.709,1.322
2019Q4,TN,312,85.9,3.706,1.651
2020Q1,TN,274,86.5,3.752,1.729
2020Q2,TN,310,79.2,3.883,1.584
2020Q3,TN,309,77.9,3.812,2.007
2020Q4,TN,308,74.5,3.905,2.735
2021Q1,TN,309,72.3,3.894,3.23
2021Q2,TN,308,74.9,3.689,4.169
2021Q3,TN,305,76.4,3.623,5.994
2021Q4,TN,307,76.8,3.661,8.73
2022Q1,TN,311,76.4,3.591,10.641
2022Q2,TN,308,76.8,3.381,11.59
2022Q3,TN,309,77.2,3.662,11.949
2022Q4,TN,307,78.2,3.641,11.491
2023Q1,TN,303,80.3,3.6,9.524
2023Q2,TN,302,80.5,3.632,8.001
2023Q3,TN,302,81.1,3.662,7.173
2023Q4,TN,301,81.3,3.665,6.789
2024Q1,TN,300,82.4,3.64,6.549
2024Q2,TN,300,82.0,3.683,5.967
2024Q3,TN,301,81.4,3.739,5.353
2024Q4,TN,303,81.6,3.773,4.602
2017Q1,TX,981,81.2,3.195,0.576
2017Q2,TX,1095,79.4,3.331,
2017Q3,TX,1117,79.8,3.309,0.457
2017Q4,TX,1025,80.5,3.303,0.543
2018Q1,TX,1133,79.1,3.319,0.693
2018Q2,TX,1133,78.5,3.331,0.932
2018Q3,TX,1175,77.5,3.384,0.731
2018Q4,TX,1179,77.4,3.374,1.073
2019Q1,TX,1189,77.4,3.345,0.97
2019Q2,TX,1182,77.5,3.377,1.128
2019Q3,TX,1184,77.3,3.382,0.949
2019Q4,TX,1163,77.7,3.37,0.99
2020Q1,TX,940,75.9,3.395,0.968
2020Q2,TX,1161,71.4,3.508,1.355
2020Q3,TX,1157,66.8,3.571,1.953
2020Q4,TX,1155,65.3,3.637,2.607
2021Q1,TX,1175,63.8,3.579,3.502
2021Q2,TX,1177,65.4,3.406,3.618
2021Q3,TX,1184,67.0,3.3,4.735
2021Q4,TX,1141,67.6,3.312,5.426
2022Q1,TX,1179,68.3,3.295,6.944
2022Q2,TX,1154,69.0,3.307,6.892
2022Q3,TX,1158,69.9,3.296,7.121
2022Q4,TX,1178,70.7,3.239,6.938
2023Q1,TX,1168,72.0,3.244,6.425
2023Q2,TX,1167,71.7,3.26,5.117
2023Q3,TX,1167,72.7,3.231,4.417
2023Q4,TX,1172,72.9,3.26,4.297
2024Q1,TX,1164,73.7,3.253,4.089
2024Q2,TX,1168,73.5,3.295,3.567
2024Q3,TX,1163,74.3,3.302,3.018
2024Q4,TX,1164,74.2,3.328,2.809
2017Q1,UT,85,58.7,3.897,1.609
2017Q2,UT,87,54.5,3.995,
2017Q3,UT,94,56.4,3.894,1.799
2017Q4,UT,95,54.9,3.908,2.163
2018Q1,UT,98,53.9,3.99,2.388
2018Q2,UT,99,55.4,4.04,2.518
2018Q3,UT,99,55.4,4.047,2.862
2018Q4,UT,98,56.1,4.004,3.01
2019Q1,UT,100,56.9,4.006,3.868
2019Q2,UT,99,56.6,4.024,4.368
2019Q3,UT,97,57.5,4.068,3.96
2019Q4,UT,97,58.0,3.972,4.92
2020Q1,UT,91,59.1,4.018,5.448
2020Q2,UT,94,54.2,4.198,4.234
2020Q3,UT,93,53.1,4.187,4.265
2020Q4,UT,93,53.0,4.169,4.506
2021Q1,UT,94,52.4,4.165,5.866
2021Q2,UT,94,54.6,4.028,6.978
2021Q3,UT,97,54.6,3.938,8.26
2021Q4,UT,98,54.0,3.923,9.682
2022Q1,UT,97,54.3,3.941,11.207
2022Q2,UT,97,54.9,3.912,12.447
2022Q3,UT,98,55.3,3.864,13.977
2022Q4,UT,98,55.4,3.87,13.667
2023Q1,UT,98,56.9,3.916,13.463
2023Q2,UT,97,56.5,3.981,11.527
2023Q3,UT,97,57.2,3.923,9.28
2023Q4,UT,97,56.8,3.876,7.898
2024Q1,UT,98,57.4,3.897,5.727
2024Q2,UT,98,57.4,3.873,4.544
2024Q3,UT,98,58.7,3.848,3.997
2024Q4,UT,98,57.7,3.893,4.319
2017Q1,VA,272,99.6,3.604,1.306
2017Q2,VA,273,98.8,3.619,
2017Q3,VA,272,100.0,3.575,1.538
2017Q4,VA,274,99.6,3.628,1.932
2018Q1,VA,278,99.1,3.633,2.142
2018Q2,VA,280,98.4,3.641,2.742
2018Q3,VA,280,97.9,3.595,2.693
2018Q4,VA,270,99.0,3.618,2.696
2019Q1,VA,283,99.3,3.588,2.573
2019Q2,VA,285,97.9,3.609,2.578
2019Q3,VA,287,97.4,3.629,2.874
2019Q4,VA,284,98.0,3.611,3.258
2020Q1,VA,207,96.2,3.696,3.028
2020Q2,VA,281,89.7,3.713,3.669
2020Q3,VA,284,86.8,3.665,4.133
2020Q4,VA,280,85.2,3.721,5.375
2021Q1,VA,284,82.9,3.727,6.132
2021Q2,VA,283,87.6,3.472,6.19
2021Q3,VA,266,91.2,3.323,7.494
2021Q4,VA,281,90.7,3.404,9.458
2022Q1,VA,285,89.9,3.327,10.524
2022Q2,VA,287,91.4,3.345,9.836
2022Q3,VA,288,92.5,3.361,9.97
2022Q4,VA,285,94.0,3.374,10.917
2023Q1,VA,282,96.0,3.366,10.87
2023Q2,VA,286,95.7,3.416,11.026
2023Q3,VA,286,96.9,3.447,8.986
2023Q4,VA,287,96.8,3.458,6.907
2024Q1,VA,287,97.8,3.437,6.265
2024Q2,VA,287,97.4,3.514,6.164
2024Q3,VA,289,97.6,3.493,5.68
2024Q4,VA,289,97.7,3.535,5.291
2017Q1,VT,35,72.2,3.968,6.562
2017Q2,VT,32,68.8,3.868,
2017Q3,VT,34,70.0,4.01,5.609
2017Q4,VT,35,69.3,4.031,5.999
2018Q1,VT,34,69.9,4.015,4.888
2018Q2,VT,35,70.0,4.091,7.253
2018Q3,VT,36,69.0,4.01,8.435
2018Q4,VT,36,69.0,4.005,8.128
2019Q1,VT,35,70.2,3.935,6.654
2019Q2,VT,36,69.0,3.968,9.339
2019Q3,VT,35,69.4,3.978,11.365
2019Q4,VT,34,67.8,4.041,9.482
2020Q1,VT,31,66.6,4.157,8.037
2020Q2,VT,35,62.7,4.416,8.699
2020Q3,VT,33,63.0,4.314,10.648
2020Q4,VT,33,61.7,4.302,10.593
2021Q1,VT,34,62.1,4.274,12.689
2021Q2,VT,35,64.1,4.041,15.311
2021Q3,VT,34,65.8,3.949,17.673
2021Q4,VT,34,65.7,3.914,20.96
2022Q1,VT,34,64.4,4.05,25.243
2022Q2,VT,34,67.4,4.03,26.084
2022Q3,VT,35,67.7,3.982,27.57
2022Q4,VT,35,67.6,3.862,27.643
2023Q1,VT,34,67.9,4.079,27.858
2023Q2,VT,34,68.4,4.214,27.962
2023Q3,VT,33,70.6,4.051,28.763
2023Q4,VT,34,70.9,4.03,29.57
2024Q1,VT,34,69.1,4.118,30.643
2024Q2,VT,33,69.5,4.069,29.639
2024Q3,VT,34,69.2,4.126,28.602
2024Q4,VT,32,73.1,4.058,26.451
2017Q1,WA,207,76.1,4.122,2.049
2017Q2,WA,190,75.6,4.178,
2017Q3,WA,204,75.8,4.122,2.066
2017Q4,WA,189,74.9,4.146,2.268
2018Q1,WA,199,76.1,4.169,2.794
2018Q2,WA,197,74.9,4.146,2.877
2018Q3,WA,198,75.9,4.221,3.117
2018Q4,WA,205,75.6,4.122,3.153
2019Q1,WA,203,76.3,4.1,3.46
2019Q2,WA,206,74.5,4.142,3.747
2019Q3,WA,200,74.9,4.1,3.693
2019Q4,WA,200,75.5,4.075,3.421
2020Q1,WA,168,73.8,4.159,3.065
2020Q2,WA,192,67.2,4.363,3.132
2020Q3,WA,195,66.1,4.351,2.976
2020Q4,WA,191,64.6,4.365,4.102
2021Q1,WA,190,61.8,4.455,4.192
2021Q2,WA,192,65.0,4.186,4.723
2021Q3,WA,190,64.2,4.07,6.147
2021Q4,WA,191,63.3,4.088,6.76
2022Q1,WA,192,61.9,4.132,8.172
2022Q2,WA,193,63.9,4.182,9.97
2022Q3,WA,194,64.6,4.1,10.192
2022Q4,WA,192,65.9,4.154,9.957
2023Q1,WA,192,67.3,4.164,9.716
2023Q2,WA,188,68.5,4.192,9.103
2023Q3,WA,189,69.3,4.149,9.044
2023Q4,WA,187,70.5,4.175,8.217
2024Q1,WA,189,71.1,4.263,7.798
2024Q2,WA,188,71.6,4.336,7.04
2024Q3,WA,185,72.3,4.282,6.144
2024Q4,WA,187,72.8,4.287,5.902
2017Q1,WI,360,66.8,3.978,2.047
2017Q2,WI,351,66.1,3.939,
2017Q3,WI,360,65.4,3.897,2.218
2017Q4,WI,339,65.3,3.882,2.351
2018Q1,WI,351,64.8,3.897,2.56
2018Q2,WI,358,64.0,3.94,2.535
2018Q3,WI,362,63.7,3.939,2.326
2018Q4,WI,338,65.0,3.933,2.665
2019Q1,WI,359,62.3,3.906,2.772
2019Q2,WI,350,62.4,3.955,3.388
2019Q3,WI,350,61.8,3.953,3.534
2019Q4,WI,353,60.5,3.907,3.986
2020Q1,WI,240,63.4,4.022,3.587
2020Q2,WI,345,57.2,4.071,3.084
2020Q3,WI,346,56.3,4.04,3.16
2020Q4,WI,343,52.8,4.106,3.705
2021Q1,WI,343,51.9,4.144,3.684
2021Q2,WI,337,53.5,3.991,4.2
2021Q3,WI,337,53.6,3.829,4.641
2021Q4,WI,335,51.9,3.791,5.379
2022Q1,WI,337,51.5,3.824,7.229
2022Q2,WI,327,52.7,3.762,8.176
2022Q3,WI,327,52.3,3.75,8.864
2022Q4,WI,332,51.5,3.784,10.514
2023Q1,WI,327,52.7,3.81,10.528
2023Q2,WI,319,52.5,3.908,11.329
2023Q3,WI,323,53.1,3.957,11.65
2023Q4,WI,324,53.6,3.967,11.828
2024Q1,WI,324,54.0,3.984,11.023
2024Q2,WI,319,54.0,3.987,9.821
2024Q3,WI,322,53.9,4.077,9.565
2024Q4,WI,322,54.3,4.047,10.204
2017Q1,WV,119,76.0,3.623,1.705
2017Q2,WV,116,76.9,3.588,
2017Q3,WV,119,77.3,3.581,2.08
2017Q4,WV,117,77.4,3.58,2.877
2018Q1,WV,120,76.8,3.623,3.385
2018Q2,WV,114,76.4,3.64,4.315
2018Q3,WV,120,76.6,3.559,4.598
2018Q4,WV,117,77.6,3.615,4.409
2019Q1,WV,123,76.8,3.604,4.568
2019Q2,WV,121,77.3,3.617,5.82
2019Q3,WV,122,77.5,3.619,6.54
2019Q4,WV,121,77.4,3.662,6.433
2020Q1,WV,116,78.5,3.674,5.621
2020Q2,WV,121,73.0,3.857,5.836
2020Q3,WV,119,72.6,3.805,5.783
2020Q4,WV,120,69.8,3.958,7.718
2021Q1,WV,122,67.6,4.007,7.521
2021Q2,WV,123,70.5,3.721,8.312
2021Q3,WV,123,72.0,3.61,9.828
2021Q4,WV,120,72.8,3.638,9.373
2022Q1,WV,122,72.0,3.646,8.847
2022Q2,WV,121,74.1,3.588,8.834
2022Q3,WV,120,75.0,3.551,9.299
2022Q4,WV,121,75.4,3.532,8.993
2023Q1,WV,122,75.6,3.525,7.971
2023Q2,WV,120,76.1,3.45,7.991
2023Q3,WV,121,76.5,3.464,7.513
2023Q4,WV,120,77.3,3.5,6.35
2024Q1,WV,122,77.2,3.477,4.966
2024Q2,WV,122,77.9,3.451,5.51
2024Q3,WV,122,77.5,3.481,5.861
2024Q4,WV,122,77.7,3.548,5.382
2017Q1,WY,36,64.1,3.83,2.443
2017Q2,WY,31,63.3,3.873,
2017Q3,WY,34,63.3,3.888,2.13
2017Q4,WY,36,63.7,3.822,2.34
2018Q1,WY,35,63.5,3.886,2.877
2018Q2,WY,34,65.7,3.801,2.783
2018Q3,WY,33,63.1,3.834,2.712
2018Q4,WY,37,63.2,3.817,3.117
2019Q1,WY,36,62.0,3.822,2.645
2019Q2,WY,36,61.9,3.834,4.206
2019Q3,WY,37,61.3,3.738,4.675
2019Q4,WY,37,62.2,3.74,5.956
2020Q1,WY,34,63.9,3.762,5.415
2020Q2,WY,34,63.8,3.823,5.049
2020Q3,WY,35,62.0,3.787,4.058
2020Q4,WY,32,59.4,3.887,5.077
2021Q1,WY,35,54.9,4.033,10.127
2021Q2,WY,34,57.6,3.778,5.481
2021Q3,WY,34,57.4,3.554,6.13
2021Q4,WY,34,56.4,3.555,6.374
2022Q1,WY,35,56.1,3.58,5.775
2022Q2,WY,35,56.1,3.502,6.72
2022Q3,WY,35,56.3,3.473,7.376
2022Q4,WY,33,58.8,3.35,7.597
2023Q1,WY,35,56.8,3.619,8.196
2023Q2,WY,33,58.8,3.63,8.39
2023Q3,WY,32,56.4,3.582,8.461
2023Q4,WY,32,56.7,3.743,6.709
2024Q1,WY,32,57.2,3.72,5.287
2024Q2,WY,33,57.2,3.741,5.057
2024Q3,WY,33,57.6,3.78,6.159
2024Q4,WY,33,59.0,3.698,6.71
