ccn,provider_name,state,city,county,ownership_type,avg_residents_per_day,overall_rating,reported_na_hrs_per_resident_per_day,reported_lpn_hrs_per_resident_per_day,reported_rn_hrs_per_resident_per_day,reported_licensed_hrs_per_resident_per_day,reported_total_nurse_hrs_per_resident_per_day,weekend_total_nurse_hrs_per_resident_per_day,weekend_rn_hrs_per_resident_per_day,reported_pt_hrs_per_resident_per_day,case_mix_na_hrs_per_resident_per_day,case_mix_lpn_hrs_per_resident_per_day,case_mix_rn_hrs_per_resident_per_day,case_mix_total_nurse_hrs_per_resident_per_day,case_mix_weekend_total_nurse_hrs_per_resident_per_day,adjusted_na_hrs_per_resident_per_day,adjusted_lpn_hrs_per_resident_per_day,adjusted_rn_hrs_per_resident_per_day,adjusted_total_nurse_hrs_per_resident_per_day,adjusted_weekend_total_nurse_hrs_per_resident_per_day,processing_date,quarter,staffing_rating,health_inspection_rating,total_nursing_staff_turnover,registered_nurse_turnover,provider_changed_ownership_in_last_12_months,affiliated_entity_name,affiliated_entity_id,chain_name,chain_id,fines,penalties,sff_status,certified_beds,abuse_icon,health_inspection,footnotes
495177,COMMUNITY MEMORIAL HOSPITAL HUNDLEY CENTER,VA,SOUTH HILL,Mecklenburg,Non Profit - Corporation,92.0,1.0,2.15761,1.73261,0.475,2.20761,4.36522,,,0.09837,2.37041,0.71869,1.31017,4.39927,,2.23343,2.00096,0.2709,3.9997,,2018-01-01,,2.0,1.0,,,N,,,,,117358.0,2.0,N,140.0,,,
495177,COMMUNITY MEMORIAL HOSPITAL HUNDLEY CENTER,VA,SOUTH HILL,Mecklenburg,Non Profit - Corporation,92.0,2.0,2.15761,1.73261,0.475,2.20761,4.36522,,,0.09837,2.37041,0.71869,1.31017,4.39927,,2.23343,2.00096,0.2709,3.9997,,2018-02-01,,2.0,2.0,,,N,,,,,,,N,140.0,,,
495177,COMMUNITY MEMORIAL HOSPITAL HUNDLEY CENTER,VA,SOUTH HILL,Mecklenburg,Non Profit - Corporation,92.0,2.0,2.15761,1.73261,0.475,2.20761,4.36522,,,0.09837,2.37041,0.71869,1.31017,4.39927,,2.23343,2.00096,0.2709,3.9997,,2018-03-01,,2.0,2.0,,,N,,,,,117358.0,2.0,N,140.0,,,
495177,COMMUNITY MEMORIAL HOSPITAL HUNDLEY CENTER,VA,SOUTH HILL,Mecklenburg,Non Profit - Corporation,89.0,3.0,1.91708,1.81613,0.39329,2.20942,4.1265,,,0.15886,2.11015,0.75534,0.35491,3.2204,,1.89808,1.82459,0.42156,4.13689,,2018-04-01,Q4 2017,4.0,2.0,,,N,,,,,117358.0,2.0,N,140.0,,,
495177,COMMUNITY MEMORIAL HOSPITAL HUNDLEY CENTER,VA,SOUTH HILL,Mecklenburg,Non Profit - Corporation,89.0,3.0,1.91708,1.81613,0.39329,2.20942,4.1265,,,0.15886,2.11015,0.75534,0.35491,3.2204,,1.89808,1.82459,0.42156,4.13689,,2018-05-01,Q4 2017,4.0,2.0,,,N,,,,,117358.0,2.0,N,140.0,,,
495177,COMMUNITY MEMORIAL HOSPITAL HUNDLEY CENTER,VA,SOUTH HILL,Mecklenburg,Non Profit - Corporation,89.0,3.0,1.91708,1.81613,0.39329,2.20942,4.1265,,,0.15886,2.11015,0.75534,0.35491,3.2204,,1.89808,1.82459,0.42156,4.13689,,2018-06-01,Q4 2017,4.0,2.0,,,N,,,,,117358.0,2.0,N,140.0,,,
495177,COMMUNITY MEMORIAL HOSPITAL HUNDLEY CENTER,VA,SOUTH HILL,Mecklenburg,Non Profit - Corporation,89.2,2.0,1.65814,1.75716,0.48067,2.23783,3.89597,,,0.10882,2.09982,0.72062,0.34932,3.16976,,1.64704,1.83515,0.51774,3.95112,,2018-07-01,Q1 2018,3.0,2.0,,,N,,,,,117358.0,2.0,N,140.0,,,
495177,COMMUNITY MEMORIAL HOSPITAL HUNDLEY CENTER,VA,SOUTH HILL,Mecklenburg,Non Profit - Corporation,89.2,2.0,1.65814,1.75716,0.48067,2.23783,3.89597,,,0.10882,2.09982,0.72062,0.34932,3.16976,,1.64704,1.83515,0.51774,3.95112,,2018-08-01,Q1 2018,3.0,2.0,,,N,,,,,117358.0,2.0,N,140.0,,,
495177,COMMUNITY MEMORIAL HOSPITAL HUNDLEY CENTER,VA,SOUTH HILL,Mecklenburg,For Profit - Corporation,89.2,2.0,1.65814,1.75716,0.48067,2.23783,3.89597,,,0.10882,2.09982,0.72062,0.34932,3.16976,,1.64704,1.83515,0.51774,3.95112,,2018-09-01,Q1 2018,3.0,2.0,,,N,,,,,117358.0,2.0,N,140.0,,,
495177,COMMUNITY MEMORIAL HOSPITAL HUNDLEY CENTER,VA,SOUTH HILL,Mecklenburg,For Profit - Corporation,89.6,3.0,1.87279,1.80338,0.53266,2.33604,4.20883,,,0.10227,2.06915,0.7038,0.31193,3.08488,,1.88842,1.92547,0.64044,4.38352,,2018-10-01,Q2 2018,4.0,2.0,,,N,,,,,117358.0,2.0,N,140.0,,,
495177,COMMUNITY MEMORIAL HOSPITAL HUNDLEY CENTER,VA,SOUTH HILL,Mecklenburg,For Profit - Corporation,89.6,3.0,1.87279,1.80338,0.53266,2.33604,4.20883,,,0.10227,2.06915,0.7038,0.31193,3.08488,,1.88842,1.92547,0.64044,4.38352,,2018-11-01,Q2 2018,4.0,2.0,,,N,,,,,59618.0,1.0,N,140.0,,,
495177,COMMUNITY MEMORIAL HOSPITAL HUNDLEY CENTER,VA,SOUTH HILL,Mecklenburg,For Profit - Corporation,89.6,3.0,1.87279,1.80338,0.53266,2.33604,4.20883,,,0.10227,2.06915,0.7038,0.31193,3.08488,,1.88842,1.92547,0.64044,4.38352,,2018-12-01,Q2 2018,4.0,2.0,,,N,,,,,59618.0,1.0,N,140.0,,,
495177,COMMUNITY MEMORIAL HOSPITAL HUNDLEY CENTER,VA,SOUTH HILL,Mecklenburg,For Profit - Corporation,96.1,2.0,1.82891,1.5133,0.52784,2.04113,3.87004,,,0.09447,2.09798,0.74318,0.35259,3.19375,,1.81694,1.52883,0.56084,3.88936,,2019-01-01,Q3 2018,3.0,2.0,,,N,,,,,59618.0,1.0,N,140.0,,,
495177,COMMUNITY MEMORIAL HOSPITAL HUNDLEY CENTER,VA,SOUTH HILL,Mecklenburg,For Profit - Corporation,96.1,2.0,1.82891,1.5133,0.52784,2.04113,3.87004,,,0.09447,2.09798,0.74318,0.35259,3.19375,,1.81694,1.52883,0.56084,3.88936,,2019-02-01,Q3 2018,3.0,2.0,,,N,,,,,59618.0,1.0,N,140.0,,,
495177,COMMUNITY MEMORIAL HOSPITAL HUNDLEY CENTER,VA,SOUTH HILL,Mecklenburg,For Profit - Corporation,96.1,2.0,1.82891,1.5133,0.52784,2.04113,3.87004,,,0.09447,2.09798,0.74318,0.35259,3.19375,,1.81694,1.52883,0.56084,3.88936,,2019-03-01,Q3 2018,3.0,2.0,,,N,,,,,59618.0,1.0,N,140.0,,,
495177,COMMUNITY MEMORIAL HOSPITAL HUNDLEY CENTER,VA,SOUTH HILL,Mecklenburg,For Profit - Corporation,96.6,1.0,1.76665,1.42331,0.52078,1.94409,3.71074,,,0.06152,2.113,0.71477,0.32929,3.15706,,1.74061,1.49432,0.59251,3.76935,,2019-04-01,Q4 2018,3.0,1.0,,,N,,,,,59618.0,1.0,N,140.0,,,
495177,COMMUNITY MEMORIAL HOSPITAL HUNDLEY CENTER,VA,SOUTH HILL,Mecklenburg,For Profit - Corporation,96.6,1.0,1.76665,1.42331,0.52078,1.94409,3.71074,,,0.06152,2.113,0.71477,0.32929,3.15706,,1.74061,1.49432,0.59251,3.76935,,2019-05-01,Q4 2018,3.0,1.0,,,N,,,,,59618.0,1.0,N,140.0,,,
495177,COMMUNITY MEMORIAL HOSPITAL HUNDLEY CENTER,VA,SOUTH HILL,Mecklenburg,For Profit - Corporation,96.6,1.0,1.76665,1.42331,0.52078,1.94409,3.71074,,,0.06152,2.113,0.71477,0.32929,3.15706,,1.74061,1.49432,0.59251,3.76935,,2019-06-01,Q4 2018,3.0,1.0,,,N,,,,,59618.0,1.0,N,140.0,,,
495177,COMMUNITY MEMORIAL HOSPITAL HUNDLEY CENTER,VA,SOUTH HILL,Mecklenburg,For Profit - Corporation,100.5,1.0,1.80662,1.28712,0.5136,1.80072,3.60734,,,0.05722,2.15963,0.72763,0.33815,3.22542,,1.74103,1.33231,0.57273,3.59176,,2019-07-01,Q1 2019,3.0,1.0,,,N,,,,,59618.0,1.0,,140.0,,,
495177,COMMUNITY MEMORIAL HOSPITAL HUNDLEY CENTER,VA,SOUTH HILL,Mecklenburg,For Profit - Corporation,100.5,1.0,1.80662,1.28712,0.5136,1.80072,3.60734,,,0.05722,2.15963,0.72763,0.33815,3.22542,,1.74103,1.33231,0.57273,3.59176,,2019-08-01,Q1 2019,3.0,1.0,,,N,,,,,59618.0,1.0,,140.0,,,
495177,COMMUNITY MEMORIAL HOSPITAL HUNDLEY CENTER,VA,SOUTH HILL,Mecklenburg,Non Profit - Corporation,100.5,1.0,1.80662,1.28712,0.5136,1.80072,3.60734,,,0.05722,2.15963,0.72763,0.33815,3.22542,,1.74103,1.33231,0.57273,3.59176,,2019-09-01,Q1 2019,3.0,1.0,,,N,,,,,59618.0,2.0,,140.0,,,
495177,COMMUNITY MEMORIAL HOSPITAL HUNDLEY CENTER,VA,SOUTH HILL,Mecklenburg,Non Profit - Corporation,99.7,1.0,1.87128,1.37094,0.53047,1.90141,3.77269,,,0.05143,2.1677,0.72157,0.33447,3.22375,,1.79687,1.43304,0.60003,3.76139,,2019-10-01,Q2 2019,3.0,1.0,,,N,,,,,59618.0,2.0,,140.0,,,
495177,COMMUNITY MEMORIAL HOSPITAL HUNDLEY CENTER,VA,SOUTH HILL,Mecklenburg,Non Profit - Corporation,99.7,1.0,1.87128,1.37094,0.53047,1.90141,3.77269,,,0.05143,2.1677,0.72157,0.33447,3.22375,,1.79687,1.43304,0.60003,3.76139,,2019-11-01,Q2 2019,3.0,1.0,,,N,,,,,59618.0,2.0,,140.0,,,
495177,COMMUNITY MEMORIAL HOSPITAL HUNDLEY CENTER,VA,SOUTH HILL,Mecklenburg,Non Profit - Corporation,88.6,2.0,2.00984,1.30089,1.12452,2.42541,4.43524,,,0.03783,2.18367,0.73505,0.36696,3.28568,,1.91289,1.33079,1.15339,4.32858,,2020-01-01,Q3 2019,5.0,1.0,,,N,,,,,59618.0,2.0,,140.0,,,
495177,COMMUNITY MEMORIAL HOSPITAL HUNDLEY CENTER,VA,SOUTH HILL,Mecklenburg,Non Profit - Corporation,88.6,2.0,2.00984,1.30089,1.12452,2.42541,4.43524,,,0.03783,2.18367,0.73505,0.36696,3.28568,,1.91289,1.33079,1.15339,4.32858,,2020-02-01,Q3 2019,5.0,1.0,,,N,,,,,59618.0,2.0,,140.0,,,
495177,COMMUNITY MEMORIAL HOSPITAL HUNDLEY CENTER,VA,SOUTH HILL,Mecklenburg,Non Profit - Corporation,88.6,2.0,2.00984,1.30089,1.12452,2.42541,4.43524,,,0.03783,2.18367,0.73505,0.36696,3.28568,,1.91289,1.33079,1.15339,4.32858,,2020-03-01,Q3 2019,5.0,1.0,,,N,,,,,59618.0,2.0,,140.0,,,
495177,COMMUNITY MEMORIAL HOSPITAL HUNDLEY CENTER,VA,SOUTH HILL,Mecklenburg,Non Profit - Corporation,89.5,2.0,2.29579,1.17526,1.2427,2.41796,4.71375,,,0.05619,2.18367,0.73505,0.36696,3.28568,,2.18505,1.20227,1.27461,4.60039,,2020-04-01,Q4 2019,5.0,1.0,,,N,,,,,59618.0,2.0,,140.0,,,
495177,COMMUNITY MEMORIAL HOSPITAL HUNDLEY CENTER,VA,SOUTH HILL,Mecklenburg,Non Profit - Corporation,89.5,2.0,2.29579,1.17526,1.2427,2.41796,4.71375,,,0.05619,2.18367,0.73505,0.36696,3.28568,,2.18505,1.20227,1.27461,4.60039,,2020-05-01,Q4 2019,5.0,1.0,,,N,,,,,59618.0,2.0,,140.0,,,
495177,COMMUNITY MEMORIAL HOSPITAL HUNDLEY CENTER,VA,SOUTH HILL,Mecklenburg,Non Profit - Corporation,89.5,2.0,2.29579,1.17526,1.2427,2.41796,4.71375,,,0.05619,2.18367,0.73505,0.36696,3.28568,,2.18505,1.20227,1.27461,4.60039,,2020-06-01,Q4 2019,5.0,1.0,,,N,,,,,59618.0,2.0,,140.0,,,
495177,COMMUNITY MEMORIAL HOSPITAL HUNDLEY CENTER,VA,SOUTH HILL,Mecklenburg,Non Profit - Corporation,89.5,2.0,2.29579,1.17526,1.2427,2.41796,4.71375,,,0.05619,2.18367,0.73505,0.36696,3.28568,,2.18505,1.20227,1.27461,4.60039,,2020-07-01,Q4 2019,5.0,1.0,,,N,,,,,59618.0,2.0,,140.0,,,
495177,COMMUNITY MEMORIAL HOSPITAL HUNDLEY CENTER,VA,SOUTH HILL,Mecklenburg,Non Profit - Corporation,89.5,2.0,2.29579,1.17526,1.2427,2.41796,4.71375,,,0.05619,2.18367,0.73505,0.36696,3.28568,,2.18505,1.20227,1.27461,4.60039,,2020-08-01,Q4 2019,5.0,1.0,,,N,,,,,,,,140.0,N,,
495177,COMMUNITY MEMORIAL HOSPITAL HUNDLEY CENTER,VA,SOUTH HILL,Mecklenburg,Non Profit - Corporation,89.5,2.0,2.29579,1.17526,1.2427,2.41796,4.71375,,,0.05619,2.18367,0.73505,0.36696,3.28568,,2.18505,1.20227,1.27461,4.60039,,2020-09-01,Q4 2019,5.0,1.0,,,N,,,,,,,,140.0,N,,
495177,COMMUNITY MEMORIAL HOSPITAL HUNDLEY CENTER,VA,SOUTH HILL,Mecklenburg,Non Profit - Corporation,91.1,2.0,2.07089,1.19365,1.47215,2.6658,4.73669,,,0.04113,2.09537,0.73549,0.35147,3.18233,,2.04031,1.19705,1.61752,4.74541,,2020-10-01,Q2 2020,5.0,1.0,,,N,,,,,,,,140.0,N,,
495177,COMMUNITY MEMORIAL HOSPITAL HUNDLEY CENTER,VA,SOUTH HILL,Mecklenburg,Non Profit - Corporation,91.1,2.0,2.07089,1.19365,1.47215,2.6658,4.73669,,,0.04113,2.09537,0.73549,0.35147,3.18233,,2.04031,1.19705,1.61752,4.74541,,2020-11-01,Q2 2020,5.0,1.0,,,N,,,,,,,,140.0,N,,
495177,COMMUNITY MEMORIAL HOSPITAL HUNDLEY CENTER,VA,SOUTH HILL,Mecklenburg,Non Profit - Corporation,91.1,2.0,2.07089,1.19365,1.47215,2.6658,4.73669,,,0.04113,2.09537,0.73549,0.35147,3.18233,,2.04031,1.19705,1.61752,4.74541,,2020-11-01,Q2 2020,5.0,1.0,,,N,,,,,,,,140.0,N,,
495177,COMMUNITY MEMORIAL HOSPITAL HUNDLEY CENTER,VA,SOUTH HILL,Mecklenburg,Non Profit - Corporation,89.7,2.0,2.10692,1.16967,1.695,2.86467,4.97159,,,0.05604,2.03728,0.73151,0.34833,3.11713,,2.13355,1.18464,1.91763,5.10056,,2021-01-01,Q3 2020,5.0,1.0,,,N,,,,,,,,140.0,N,,
495177,COMMUNITY MEMORIAL HOSPITAL HUNDLEY CENTER,VA,SOUTH HILL,Mecklenburg,Non Profit - Corporation,89.7,2.0,2.10692,1.16967,1.695,2.86467,4.97159,,,0.05604,2.03728,0.73151,0.34833,3.11713,,2.13355,1.18464,1.91763,5.10056,,2021-02-01,Q3 2020,5.0,1.0,,,N,,,,,,,,140.0,N,,
495177,COMMUNITY MEMORIAL HOSPITAL HUNDLEY CENTER,VA,SOUTH HILL,Mecklenburg,Non Profit - Corporation,89.7,2.0,2.10692,1.16967,1.695,2.86467,4.97159,,,0.05604,2.03728,0.73151,0.34833,3.11713,,2.13355,1.18464,1.91763,5.10056,,2021-03-01,Q3 2020,5.0,1.0,,,N,,,,,,,,140.0,N,,
495177,COMMUNITY MEMORIAL HOSPITAL HUNDLEY CENTER,VA,SOUTH HILL,Mecklenburg,Non Profit - Corporation,86.0,1.0,0.72535,0.41088,0.57849,0.98937,1.71472,,,0.01908,2.03181,0.74357,0.34894,3.12432,,0.73498,0.40941,0.66345,1.7562,,2021-04-01,Q4 2020,1.0,1.0,,,N,,,,,,,,140.0,N,,
495177,COMMUNITY MEMORIAL HOSPITAL HUNDLEY CENTER,VA,SOUTH HILL,Mecklenburg,Non Profit - Corporation,86.0,1.0,0.72535,0.41088,0.57849,0.98937,1.71472,,,0.01908,2.03181,0.74357,0.34894,3.12432,,0.73498,0.40941,0.66345,1.7562,,2021-05-01,Q4 2020,1.0,1.0,,,N,,,,,,,,140.0,N,,
495177,COMMUNITY MEMORIAL HOSPITAL HUNDLEY CENTER,VA,SOUTH HILL,Mecklenburg,Non Profit - Corporation,86.0,1.0,0.72535,0.41088,0.57849,0.98937,1.71472,,,0.01908,2.03181,0.74357,0.34894,3.12432,,0.73498,0.40941,0.66345,1.7562,,2021-06-01,Q4 2020,1.0,1.0,,,N,,,,,,,,140.0,N,,
495177,COMMUNITY MEMORIAL HOSPITAL HUNDLEY CENTER,VA,SOUTH HILL,Mecklenburg,Non Profit - Corporation,90.0,2.0,1.77052,1.14738,1.68272,2.8301,4.60062,,,0.03354,1.96956,0.72652,0.35256,3.04864,,1.84883,1.17616,1.96111,4.84761,,2021-07-01,Q1 2021,5.0,1.0,,,N,,,,,,,,140.0,N,,
495177,COMMUNITY MEMORIAL HOSPITAL HUNDLEY CENTER,VA,SOUTH HILL,Mecklenburg,For Profit - Corporation,90.0,2.0,1.77052,1.14738,1.68272,2.8301,4.60062,,,0.03354,1.96956,0.72652,0.35256,3.04864,,1.84883,1.17616,1.96111,4.84761,,2021-08-01,Q1 2021,5.0,1.0,,,N,,,,,,,,140.0,N,,
495177,COMMUNITY MEMORIAL HOSPITAL HUNDLEY CENTER,VA,SOUTH HILL,Mecklenburg,For Profit - Corporation,90.0,2.0,1.77052,1.14738,1.68272,2.8301,4.60062,,,0.03354,1.96956,0.72652,0.35256,3.04864,,1.84883,1.17616,1.96111,4.84761,,2021-09-01,Q1 2021,5.0,1.0,,,N,,,,,,,,140.0,N,,
495177,COMMUNITY MEMORIAL HOSPITAL HUNDLEY CENTER,VA,SOUTH HILL,Mecklenburg,For Profit - Corporation,86.5,1.0,1.84864,1.2446,0.55924,1.80384,3.65248,,,0.02996,2.00277,0.72306,0.34222,3.06805,,1.8982,1.27597,0.62357,3.78495,,2021-10-01,Q2 2021,3.0,1.0,,,N,,,,,,,,140.0,N,,
495177,COMMUNITY MEMORIAL HOSPITAL HUNDLEY CENTER,VA,SOUTH HILL,Mecklenburg,For Profit - Corporation,86.5,1.0,1.84864,1.2446,0.55924,1.80384,3.65248,,,0.02996,2.00277,0.72306,0.34222,3.06805,,1.8982,1.27597,0.62357,3.78495,,2021-10-01,Q2 2021,3.0,1.0,,,N,,,,,,,,140.0,N,,
495177,COMMUNITY MEMORIAL HOSPITAL HUNDLEY CENTER,VA,SOUTH HILL,Mecklenburg,For Profit - Corporation,86.5,1.0,1.84864,1.2446,0.55924,1.80384,3.65248,,,0.02996,2.00277,0.72306,0.34222,3.06805,,1.8982,1.27597,0.62357,3.78495,,2021-11-01,Q2 2021,3.0,1.0,,,N,,,,,,,,140.0,N,,
495177,COMMUNITY MEMORIAL HOSPITAL HUNDLEY CENTER,VA,SOUTH HILL,Mecklenburg,For Profit - Corporation,83.5,2.0,2.02808,1.34443,0.84004,2.18447,4.21255,3.4213,0.32348,0.02895,1.98169,0.70623,0.31888,3.0068,,2.09515,1.40028,0.98657,4.42339,,2022-01-01,Q3 2021,4.0,1.0,,,N,,,,,,,,140.0,N,,
495177,COMMUNITY MEMORIAL HOSPITAL HUNDLEY CENTER,VA,SOUTH HILL,Mecklenburg,For Profit - Corporation,83.5,2.0,2.02808,1.34443,0.84004,2.18447,4.21255,3.4213,0.32348,0.02895,1.98169,0.70623,0.31888,3.0068,,2.09515,1.40028,0.98657,4.42339,,2022-02-01,Q3 2021,4.0,1.0,,,N,,,,,,,,140.0,N,,
495177,COMMUNITY MEMORIAL HOSPITAL HUNDLEY CENTER,VA,SOUTH HILL,Mecklenburg,For Profit - Corporation,83.5,2.0,2.02808,1.34443,0.84004,2.18447,4.21255,3.4213,0.32348,0.02895,1.98169,0.70623,0.31888,3.0068,,2.09515,1.40028,0.98657,4.42339,,2022-03-01,Q3 2021,4.0,1.0,,,N,,,,,,,,140.0,N,,
495177,COMMUNITY MEMORIAL HOSPITAL HUNDLEY CENTER,VA,SOUTH HILL,Mecklenburg,For Profit - Corporation,85.8,2.0,1.91419,1.1867,0.85738,2.04408,3.95826,3.1782,0.35562,0.00813,1.96359,0.69582,0.32308,2.98249,,1.99149,1.25246,0.99879,4.1854,,2022-04-01,Q4 2021,4.0,1.0,,,N,,,,,,,,140.0,N,,
495177,COMMUNITY MEMORIAL HOSPITAL HUNDLEY CENTER,VA,SOUTH HILL,Mecklenburg,For Profit - Corporation,85.8,2.0,1.91419,1.1867,0.85738,2.04408,3.95826,3.1782,0.35562,0.00813,1.96359,0.69582,0.32308,2.98249,,1.99149,1.25246,0.99879,4.1854,,2022-05-01,Q4 2021,4.0,1.0,,,N,,,,,,,,140.0,N,,
495177,COMMUNITY MEMORIAL HOSPITAL HUNDLEY CENTER,VA,SOUTH HILL,Mecklenburg,For Profit - Corporation,85.8,2.0,1.91419,1.1867,0.85738,2.04408,3.95826,3.1782,0.35562,0.00813,1.96359,0.69582,0.32308,2.98249,,1.99149,1.25246,0.99879,4.1854,,2022-06-01,Q4 2021,4.0,1.0,,,N,,,,,,,,140.0,N,,
495177,COMMUNITY MEMORIAL HOSPITAL HUNDLEY CENTER,VA,SOUTH HILL,Mecklenburg,For Profit - Corporation,78.6,2.0,1.92436,1.08069,0.98201,2.0627,3.98706,3.28802,0.45768,0.01979,1.88907,0.6857,0.34611,2.92088,,2.0749,1.1598,1.11743,4.32245,,2022-07-01,Q1 2022,4.0,1.0,60.4,81.1,N,,,,,,,,140.0,N,,
495177,COMMUNITY MEMORIAL HOSPITAL HUNDLEY CENTER,VA,SOUTH HILL,Mecklenburg,For Profit - Corporation,78.6,2.0,1.92436,1.08069,0.98201,2.0627,3.98706,3.28802,0.45768,0.01979,1.88907,0.6857,0.34611,2.92088,,2.0749,1.1598,1.11743,4.32245,3.5646,2022-08-01,Q1 2022,4.0,1.0,60.4,81.1,N,,,,,,,,140.0,N,,
495177,COMMUNITY MEMORIAL HOSPITAL HUNDLEY CENTER,VA,SOUTH HILL,Mecklenburg,For Profit - Corporation,78.6,2.0,1.92436,1.08069,0.98201,2.0627,3.98706,3.28802,0.45768,0.01979,1.88907,0.6857,0.34611,2.92088,,2.0749,1.1598,1.11743,4.32245,3.5646,2022-09-01,Q1 2022,4.0,1.0,60.4,81.1,N,,,,,,,,140.0,N,,
495177,COMMUNITY MEMORIAL HOSPITAL HUNDLEY CENTER,VA,SOUTH HILL,Mecklenburg,For Profit - Corporation,80.3,1.0,2.09156,1.25609,0.93606,2.19215,4.28371,3.49037,0.35159,0.01269,1.85863,0.662,0.30548,2.82611,,2.29543,1.39674,1.16405,4.78345,3.89756,2022-10-01,Q2 2022,4.0,1.0,60.0,44.4,N,,,,,,,,140.0,N,,
495177,COMMUNITY MEMORIAL HOSPITAL HUNDLEY CENTER,VA,SOUTH HILL,Mecklenburg,For Profit - Corporation,80.3,1.0,2.09156,1.25609,0.93606,2.19215,4.28371,3.49037,0.35159,0.01269,1.85863,0.662,0.30548,2.82611,,2.29543,1.39674,1.16405,4.78345,3.89756,2022-10-01,Q2 2022,4.0,1.0,60.0,44.4,N,,,,,,,,140.0,N,,
495177,COMMUNITY MEMORIAL HOSPITAL HUNDLEY CENTER,VA,SOUTH HILL,Mecklenburg,For Profit - Corporation,80.3,1.0,2.09156,1.25609,0.93606,2.19215,4.28371,3.49037,0.35159,0.01269,1.85863,0.662,0.30548,2.82611,,2.29543,1.39674,1.16405,4.78345,3.89756,2022-11-01,Q2 2022,4.0,1.0,60.0,44.4,N,,,,,,,,140.0,N,,
495177,COMMUNITY MEMORIAL HOSPITAL HUNDLEY CENTER,VA,SOUTH HILL,Mecklenburg,For Profit - Corporation,81.8,1.0,1.80651,1.59164,0.78221,2.37385,4.18036,3.41422,0.22743,0.01764,1.85645,0.67916,0.31781,2.85343,,1.98258,1.72415,0.94725,4.62651,3.77861,2023-01-01,Q3 2022,3.0,1.0,74.7,76.0,N,,,,,,,,140.0,N,,
495177,COMMUNITY MEMORIAL HOSPITAL HUNDLEY CENTER,VA,SOUTH HILL,Mecklenburg,For Profit - Corporation,81.8,1.0,1.80651,1.59164,0.78221,2.37385,4.18036,3.41422,0.22743,0.01764,1.85645,0.67916,0.31781,2.85343,,1.98258,1.72415,0.94725,4.62651,3.77861,2023-02-01,Q3 2022,3.0,1.0,74.7,76.0,N,,,,,,,,140.0,N,,
495177,COMMUNITY MEMORIAL HOSPITAL HUNDLEY CENTER,VA,SOUTH HILL,Mecklenburg,For Profit - Corporation,81.8,1.0,1.80651,1.59164,0.78221,2.37385,4.18036,3.41422,0.22743,0.01764,1.85645,0.67916,0.31781,2.85343,,1.98258,1.72415,0.94725,4.62651,3.77861,2023-03-01,Q3 2022,3.0,1.0,74.7,76.0,N,,,,,,,,140.0,N,,
495177,COMMUNITY MEMORIAL HOSPITAL HUNDLEY CENTER,VA,SOUTH HILL,Mecklenburg,For Profit - Corporation,82.1,1.0,1.55999,1.56085,0.65867,2.21952,3.77952,3.00723,0.19207,0.01428,1.88399,0.67991,0.32527,2.88917,,1.68591,1.69056,0.7834,4.13294,3.28843,2023-04-01,Q4 2022,3.0,1.0,70.3,76.7,N,,,,,,,,140.0,N,,
495177,COMMUNITY MEMORIAL HOSPITAL HUNDLEY CENTER,VA,SOUTH HILL,Mecklenburg,For Profit - Corporation,82.1,1.0,1.55999,1.56085,0.65867,2.21952,3.77952,3.00723,0.19207,0.01428,1.88399,0.67991,0.32527,2.88917,,1.68591,1.69056,0.7834,4.13294,3.28843,2023-05-01,Q4 2022,3.0,1.0,70.3,76.7,N,,,,,,,,140.0,N,,
495177,COMMUNITY MEMORIAL HOSPITAL HUNDLEY CENTER,VA,SOUTH HILL,Mecklenburg,For Profit - Corporation,82.1,1.0,1.55999,1.56085,0.65867,2.21952,3.77952,3.00723,0.19207,0.01428,1.88399,0.67991,0.32527,2.88917,,1.68591,1.69056,0.7834,4.13294,3.28843,2023-06-01,Q4 2022,3.0,1.0,70.3,76.7,N,,,,,,,,140.0,N,,
495177,COMMUNITY MEMORIAL HOSPITAL HUNDLEY CENTER,VA,SOUTH HILL,Mecklenburg,Non Profit - Corporation,81.5,3.0,1.53351,1.58717,0.77993,2.36711,3.90062,3.15553,0.25999,0.01354,1.88482,0.68408,0.34066,2.90956,,1.65553,1.71353,0.89869,4.24421,3.43349,2023-07-01,Q1 2023,3.0,3.0,59.5,60.9,N,,,,,,,,140.0,N,,
495177,COMMUNITY MEMORIAL HOSPITAL HUNDLEY CENTER,VA,SOUTH HILL,Mecklenburg,Non Profit - Corporation,81.5,3.0,1.53351,1.58717,0.77993,2.36711,3.90062,3.15553,0.25999,0.01354,1.88482,0.68408,0.34066,2.90956,,1.65553,1.71353,0.89869,4.24421,3.43349,2023-08-01,Q1 2023,3.0,3.0,59.5,60.9,N,,,,,,,,140.0,N,,
495177,COMMUNITY MEMORIAL HOSPITAL HUNDLEY CENTER,VA,SOUTH HILL,Mecklenburg,Non Profit - Corporation,81.5,3.0,1.53351,1.58717,0.77993,2.36711,3.90062,3.15553,0.25999,0.01354,1.88482,0.68408,0.34066,2.90956,,1.65553,1.71353,0.89869,4.24421,3.43349,2023-09-01,Q1 2023,3.0,3.0,59.5,60.9,N,,,,,,,,140.0,N,,
495177,COMMUNITY MEMORIAL HOSPITAL HUNDLEY CENTER,VA,SOUTH HILL,Mecklenburg,Non Profit - Corporation,83.2,3.0,1.83809,1.6007,0.63316,2.23385,4.07194,3.53742,0.27929,0.0126,1.95071,0.69161,0.33766,2.97997,,1.9212,1.71175,0.71645,4.31873,3.75181,2023-10-01,Q2 2023,3.0,3.0,61.6,55.0,N,,,,,,,,140.0,N,,
495177,COMMUNITY MEMORIAL HOSPITAL HUNDLEY CENTER,VA,SOUTH HILL,Mecklenburg,Non Profit - Corporation,83.2,3.0,1.83809,1.6007,0.63316,2.23385,4.07194,3.53742,0.27929,0.0126,1.95071,0.69161,0.33766,2.97997,,1.9212,1.71175,0.71645,4.31873,3.75181,2023-10-01,Q2 2023,3.0,3.0,61.6,55.0,N,,,,,,,,140.0,N,,
495177,COMMUNITY MEMORIAL HOSPITAL HUNDLEY CENTER,VA,SOUTH HILL,Mecklenburg,Non Profit - Corporation,83.2,3.0,1.83809,1.6007,0.63316,2.23385,4.07194,3.53742,0.27929,0.0126,1.95071,0.69161,0.33766,2.97997,,1.9212,1.71175,0.71645,4.31873,3.75181,2023-11-01,Q2 2023,3.0,3.0,61.6,55.0,N,,,,,,,,140.0,N,,
495177,COMMUNITY MEMORIAL HOSPITAL HUNDLEY CENTER,VA,SOUTH HILL,Mecklenburg,Non Profit - Corporation,79.3,3.0,1.76426,1.62001,0.74513,2.36514,4.12941,3.59381,0.29937,0.01429,1.91736,0.69435,0.3288,2.94051,,1.87458,1.72179,0.85393,4.42645,3.85233,2024-01-01,Q3 2023,4.0,3.0,59.8,47.1,N,,,,,,,,140.0,N,,
495177,COMMUNITY MEMORIAL HOSPITAL HUNDLEY CENTER,VA,SOUTH HILL,Mecklenburg,Non Profit - Corporation,79.3,3.0,1.76426,1.62001,0.74513,2.36514,4.12941,3.59381,0.29937,0.01429,1.91736,0.69435,0.3288,2.94051,,1.87458,1.72179,0.85393,4.42645,3.85233,2024-02-01,Q3 2023,4.0,3.0,59.8,47.1,N,,,,,,,,140.0,N,,
495177,COMMUNITY MEMORIAL HOSPITAL HUNDLEY CENTER,VA,SOUTH HILL,Mecklenburg,Non Profit - Corporation,79.3,3.0,1.76426,1.62001,0.74513,2.36514,4.12941,3.59381,0.29937,0.01429,1.91736,0.69435,0.3288,2.94051,,1.87458,1.72179,0.85393,4.42645,3.85233,2024-03-01,Q3 2023,4.0,3.0,59.8,47.1,N,,,,,,,,140.0,N,,
495177,COMMUNITY MEMORIAL HOSPITAL HUNDLEY CENTER,VA,SOUTH HILL,Mecklenburg,Non Profit - Corporation,79.3,4.0,1.76426,1.62001,0.74513,2.36514,4.12941,3.59381,0.29937,0.01429,1.91736,0.69435,0.3288,2.94051,,1.87458,1.72179,0.85393,4.42645,3.85233,2024-04-01,Q3 2023,4.0,3.0,63.2,56.5,N,,,,,,,,140.0,N,,
495177,COMMUNITY MEMORIAL HOSPITAL HUNDLEY CENTER,VA,SOUTH HILL,Mecklenburg,Non Profit - Corporation,79.3,4.0,1.76426,1.62001,0.74513,2.36514,4.12941,3.59381,0.29937,0.01429,1.91736,0.69435,0.3288,2.94051,,1.87458,1.72179,0.85393,4.42645,3.85233,2024-05-01,Q3 2023,4.0,3.0,63.2,56.5,N,,,,,,,,140.0,N,,
495177,COMMUNITY MEMORIAL HOSPITAL HUNDLEY CENTER,VA,SOUTH HILL,Mecklenburg,Non Profit - Corporation,79.3,4.0,1.76426,1.62001,0.74513,2.36514,4.12941,3.59381,0.29937,0.01429,1.91736,0.69435,0.3288,2.94051,,1.87458,1.72179,0.85393,4.42645,3.85233,2024-06-01,Q3 2023,4.0,3.0,63.2,56.5,N,,,,,,,,140.0,N,,
495177,COMMUNITY MEMORIAL HOSPITAL HUNDLEY CENTER,VA,SOUTH HILL,Mecklenburg,Non Profit - Corporation,84.2,4.0,1.93863,1.52844,0.83104,2.35948,4.2981,3.8689,0.35249,0.01394,2.09798,0.81472,0.61565,3.52835,3.09832,2.07976,1.63971,0.89154,4.61101,4.15057,2024-07-01,Q1 2024,3.0,3.0,74.6,68.0,N,,,,,,,,140.0,N,,
495177,COMMUNITY MEMORIAL HOSPITAL HUNDLEY CENTER,VA,SOUTH HILL,Mecklenburg,Non Profit - Corporation,84.2,4.0,1.93863,1.52844,0.83104,2.35948,4.2981,3.8689,0.35249,0.01394,2.09798,0.81472,0.61565,3.52835,3.09832,2.07976,1.63971,0.89154,4.61101,4.15057,2024-08-01,Q1 2024,3.0,3.0,74.6,68.0,N,,,,,,,,140.0,N,,
495177,COMMUNITY MEMORIAL HOSPITAL HUNDLEY CENTER,VA,SOUTH HILL,Mecklenburg,Non Profit - Corporation,84.2,4.0,1.93863,1.52844,0.83104,2.35948,4.2981,3.8689,0.35249,0.01394,2.09798,0.81472,0.61565,3.52835,3.09832,2.07976,1.63971,0.89154,4.61101,4.15057,2024-09-01,Q1 2024,3.0,3.0,74.6,68.0,N,,,,,,,,140.0,N,,
495177,COMMUNITY MEMORIAL HOSPITAL HUNDLEY CENTER,VA,SOUTH HILL,Mecklenburg,Non Profit - Corporation,85.1,3.0,2.00604,1.51715,0.86102,2.37816,4.3842,3.84267,0.44272,0.01591,2.05075,0.78472,0.5977,3.43317,2.99995,2.22974,1.68633,0.95704,4.87311,4.27119,2024-10-01,Q2 2024,4.0,3.0,65.0,56.0,N,,,,,,,,140.0,N,,
495177,COMMUNITY MEMORIAL HOSPITAL HUNDLEY CENTER,VA,SOUTH HILL,Mecklenburg,Non Profit - Corporation,85.1,3.0,2.00604,1.51715,0.86102,2.37816,4.3842,3.84267,0.44272,0.01591,2.05075,0.78472,0.5977,3.43317,2.99995,2.22974,1.68633,0.95704,4.87311,4.27119,2024-10-01,Q2 2024,4.0,3.0,65.0,56.0,N,,,,,,,,140.0,N,,
495177,COMMUNITY MEMORIAL HOSPITAL HUNDLEY CENTER,VA,SOUTH HILL,Mecklenburg,Non Profit - Corporation,85.1,3.0,2.00604,1.51715,0.86102,2.37816,4.3842,3.84267,0.44272,0.01591,2.05075,0.78472,0.5977,3.43317,2.99995,2.22974,1.68633,0.95704,4.87311,4.27119,2024-11-01,Q2 2024,4.0,3.0,65.0,56.0,N,,,,,,,,140.0,N,,
495177,COMMUNITY MEMORIAL HOSPITAL HUNDLEY CENTER,VA,SOUTH HILL,Mecklenburg,Non Profit - Corporation,89.9,4.0,1.5817,0.90144,0.86391,1.76535,3.34705,2.8743,0.53954,0.01111,2.0507,0.76926,0.58918,3.40914,2.99675,1.7755,1.01189,0.96976,3.75714,3.22647,2025-02-01,Q3 2024,3.0,3.0,62.8,52.2,N,,,,,,,,140.0,N,,
495177,COMMUNITY MEMORIAL HOSPITAL HUNDLEY CENTER,VA,SOUTH HILL,Mecklenburg,Non Profit - Corporation,89.9,4.0,1.5817,0.90144,0.86391,1.76535,3.34705,2.8743,0.53954,0.01111,2.0507,0.76926,0.58918,3.40914,2.99675,1.7755,1.01189,0.96976,3.75714,3.22647,2025-03-01,Q3 2024,3.0,3.0,62.8,52.2,N,,,,,,,,140.0,N,,
495177,COMMUNITY MEMORIAL HOSPITAL HUNDLEY CENTER,VA,SOUTH HILL,Mecklenburg,Non Profit - Corporation,91.2,4.0,1.88664,1.30024,0.84605,2.14629,4.03293,3.59457,0.47869,0.01408,2.04437,0.76533,0.58997,3.39968,3.01067,2.13212,1.46943,0.95613,4.55768,4.06229,2025-04-01,Q4 2024,5.0,3.0,49.5,21.4,N,,,,,,,,140.0,N,,
495177,COMMUNITY MEMORIAL HOSPITAL HUNDLEY CENTER,VA,SOUTH HILL,Mecklenburg,Non Profit - Corporation,91.2,4.0,1.88664,1.30024,0.84605,2.14629,4.03293,3.59457,0.47869,0.01408,2.04437,0.76533,0.58997,3.39968,3.01067,2.13212,1.46943,0.95613,4.55768,4.06229,2025-05-01,Q4 2024,5.0,3.0,49.5,21.4,N,,,,,,,,140.0,N,,
495177,COMMUNITY MEMORIAL HOSPITAL HUNDLEY CENTER,VA,SOUTH HILL,Mecklenburg,Non Profit - Corporation,91.2,4.0,1.88664,1.30024,0.84605,2.14629,4.03293,3.59457,0.47869,0.01408,2.04437,0.76533,0.58997,3.39968,3.01067,2.13212,1.46943,0.95613,4.55768,4.06229,2025-06-01,Q4 2024,5.0,3.0,49.5,21.4,N,,,,,,,,140.0,N,,
495177,COMMUNITY MEMORIAL HOSPITAL HUNDLEY CENTER,VA,SOUTH HILL,Mecklenburg,Non Profit - Corporation,88.4,5.0,1.9593,1.24503,0.76163,2.00666,3.96596,3.49235,0.32503,0.00321,1.98451,0.74807,0.58399,3.31658,2.93315,2.26136,1.43697,0.87904,4.57737,4.03075,2025-07-01,Q1 2025,5.0,4.0,46.2,26.3,N,,,,,,,,140.0,N,,
495177,COMMUNITY MEMORIAL HOSPITAL HUNDLEY CENTER,VA,SOUTH HILL,Mecklenburg,Non Profit - Corporation,88.4,5.0,1.9593,1.24503,0.76163,2.00666,3.96596,3.49235,0.32503,0.00321,1.98451,0.74807,0.58399,3.31658,2.93315,2.26136,1.43697,0.87904,4.57737,4.03075,2025-09-01,Q1 2025,5.0,4.0,46.154,26.316,N,,,,,,,,140.0,N,,
495177,Twin Lakes Rehabilitation and Nursing,VA,SOUTH HILL,Mecklenburg,Non Profit - Corporation,92.5,5.0,1.72878,0.75381,0.49893,1.25274,2.98152,2.39605,0.19273,0.08019,2.06627,0.76615,0.60139,3.43381,3.01389,1.95103,0.85072,0.56307,3.36482,2.70409,2025-10-01,Q2 2025,2.0,4.0,56.2,55.0,N,,,,,,,,140.0,N,,
495177,Twin Lakes Rehabilitation and Nursing,VA,SOUTH HILL,Mecklenburg,Non Profit - Corporation,92.5,5.0,1.72878,0.75381,0.49893,1.25274,2.98152,2.39605,0.19273,0.08019,2.06627,0.76615,0.60139,3.43381,3.01389,1.95103,0.85072,0.56307,3.36482,2.70409,2025-11-01,Q2 2025,2.0,4.0,56.2,55.0,N,,,,,,,,140.0,N,,
