CY_Qtr,job_category,hours_total,hours_employee,hours_contract
CY2020Q3,Activities,1867.2,1867.2,0.0
CY2020Q3,Administration,1309.0,938.0,371.0
CY2020Q3,Direct Care,57761.87,56943.31,818.56
CY2020Q3,Medical,334.5,166.5,168.0
CY2020Q3,Medical Leadership,455.0,231.0,224.0
CY2020Q3,Nursing,19381.39,19381.39,0.0
CY2020Q3,Nursing Leadership,4935.69,4935.69,0.0
CY2020Q3,Social Services,1257.36,1257.36,0.0
CY2020Q3,Support Services,1095.81,1095.81,0.0
CY2020Q3,Therapy,12620.63,6358.59,6262.04
CY2020Q4,Activities,1720.58,1720.58,0.0
CY2020Q4,Administration,1365.0,903.0,462.0
CY2020Q4,Direct Care,56460.77,55982.86,477.91
CY2020Q4,Medical,312.0,0.0,312.0
CY2020Q4,Medical Leadership,462.0,0.0,462.0
CY2020Q4,Nursing,19072.69,19051.69,21.0
CY2020Q4,Nursing Leadership,4567.68,4567.68,0.0
CY2020Q4,Social Services,1298.93,1298.93,0.0
CY2020Q4,Support Services,867.91,867.91,0.0
CY2020Q4,Therapy,12464.76,5500.22,6964.54
CY2021Q1,Activities,2617.64,2617.64,0.0
CY2021Q1,Administration,882.0,434.0,448.0
CY2021Q1,Direct Care,59137.24,58364.48,772.76
CY2021Q1,Medical,312.0,0.0,312.0
CY2021Q1,Medical Leadership,441.0,0.0,441.0
CY2021Q1,Nursing,19550.329999999998,19020.170000000002,530.16
CY2021Q1,Nursing Leadership,4563.5,4563.5,0.0
CY2021Q1,Social Services,1398.79,1398.79,0.0
CY2021Q1,Support Services,1274.4,1274.4,0.0
CY2021Q1,Therapy,11901.91,5070.4400000000005,6831.47
CY2021Q2,Activities,2672.67,2672.67,0.0
CY2021Q2,Administration,889.0,434.0,455.0
CY2021Q2,Direct Care,63056.24,62050.87,1005.37
CY2021Q2,Medical,344.0,32.0,312.0
CY2021Q2,Medical Leadership,441.0,0.0,441.0
CY2021Q2,Nursing,19356.02,19037.59,318.43
CY2021Q2,Nursing Leadership,5183.959999999999,5183.959999999999,0.0
CY2021Q2,Social Services,1808.61,1808.61,0.0
CY2021Q2,Support Services,1411.9,1411.9,0.0
CY2021Q2,Therapy,11713.91,5054.88,6659.03
CY2021Q3,Activities,2735.31,2735.31,0.0
CY2021Q3,Administration,683.2,406.0,277.2
CY2021Q3,Direct Care,67341.2,63666.74,3674.46
CY2021Q3,Medical,416.0,104.0,312.0
CY2021Q3,Medical Leadership,413.0,0.0,413.0
CY2021Q3,Nursing,19174.63,19054.86,119.77
CY2021Q3,Nursing Leadership,6182.01,5892.0599999999995,289.95
CY2021Q3,Social Services,1705.14,1705.14,0.0
CY2021Q3,Support Services,1262.05,1262.05,0.0
CY2021Q3,Therapy,12996.41,6012.58,6983.83
CY2021Q4,Activities,3184.78,3184.78,0.0
CY2021Q4,Administration,632.8,448.0,184.79999999999998
CY2021Q4,Direct Care,68218.38,62290.07,5928.31
CY2021Q4,Medical,416.0,104.0,312.0
CY2021Q4,Medical Leadership,462.0,0.0,462.0
CY2021Q4,Nursing,18885.94,17070.2,1815.74
CY2021Q4,Nursing Leadership,6170.82,5905.01,265.81
CY2021Q4,Social Services,1663.04,1663.04,0.0
CY2021Q4,Support Services,1141.0,1141.0,0.0
CY2021Q4,Therapy,11293.49,5218.72,6074.77
CY2022Q1,Activities,2985.59,2985.59,0.0
CY2022Q1,Administration,620.2,441.0,179.2
CY2022Q1,Direct Care,66987.94,60398.48,6589.46
CY2022Q1,Medical,416.0,104.0,312.0
CY2022Q1,Medical Leadership,448.0,0.0,448.0
CY2022Q1,Nursing,18187.78,17021.11,1166.67
CY2022Q1,Nursing Leadership,5131.41,4793.99,337.42
CY2022Q1,Social Services,1468.94,1468.94,0.0
CY2022Q1,Support Services,868.0,868.0,0.0
CY2022Q1,Therapy,9281.49,4783.03,4498.46
CY2022Q2,Activities,3203.49,3203.49,0.0
CY2022Q2,Administration,1372.0,1190.0,182.0
CY2022Q2,Direct Care,68467.7,60432.41,8035.29
CY2022Q2,Medical,829.0,104.0,725.0
CY2022Q2,Nursing,18520.88,16725.28,1795.6
CY2022Q2,Nursing Leadership,4843.639999999999,4551.139999999999,292.5
CY2022Q2,Social Services,1840.3,1840.3,0.0
CY2022Q2,Support Services,2272.21,938.0,1334.21
CY2022Q2,Therapy,9652.44,4361.39,5291.05
CY2022Q3,Activities,3391.3,3391.3,0.0
CY2022Q3,Administration,1493.8,1309.0,184.79999999999998
CY2022Q3,Direct Care,67386.47,59195.37,8191.1
CY2022Q3,Medical,864.0,104.0,760.0
CY2022Q3,Nursing,18049.07,16651.69,1397.38
CY2022Q3,Nursing Leadership,6489.43,5536.78,952.65
CY2022Q3,Social Services,1805.65,1805.65,0.0
CY2022Q3,Support Services,2164.14,906.56,1257.58
CY2022Q3,Therapy,8772.06,3823.06,4949.0
CY2022Q4,Activities,3225.54,3225.54,0.0
CY2022Q4,Administration,798.0,616.0,182.0
CY2022Q4,Direct Care,68655.22,56991.58,11663.64
CY2022Q4,Medical,836.0,104.0,732.0
CY2022Q4,Nursing,18145.02,16496.73,1648.29
CY2022Q4,Nursing Leadership,5074.37,4831.58,242.79
CY2022Q4,Social Services,1597.34,1597.34,0.0
CY2022Q4,Support Services,1879.6,763.0,1116.6
CY2022Q4,Therapy,8323.28,2776.15,5547.13
CY2023Q1,Activities,3240.0,3240.0,0.0
CY2023Q1,Administration,630.0,448.0,182.0
CY2023Q1,Direct Care,69069.83,52885.57,16184.26
CY2023Q1,Medical,871.0,104.0,767.0
CY2023Q1,Nursing,19501.64,15580.960000000001,3920.68
CY2023Q1,Nursing Leadership,4853.14,4591.9,261.24
CY2023Q1,Social Services,1609.57,1609.57,0.0
CY2023Q1,Support Services,2054.14,749.0,1305.1399999999999
CY2023Q1,Therapy,8766.54,2875.42,5891.12
CY2023Q2,Activities,3259.75,3259.75,0.0
CY2023Q2,Administration,567.0,385.0,182.0
CY2023Q2,Direct Care,69404.06,50173.75,19230.31
CY2023Q2,Medical,836.0,104.0,732.0
CY2023Q2,Nursing,20786.760000000002,14688.85,6097.91
CY2023Q2,Nursing Leadership,4812.39,4522.98,289.41
CY2023Q2,Social Services,1642.24,1642.24,0.0
CY2023Q2,Support Services,2326.38,777.25,1549.13
CY2023Q2,Therapy,9579.710000000001,3458.1499999999996,6121.56
CY2023Q3,Activities,3333.08,3333.08,0.0
CY2023Q3,Administration,630.0,448.0,182.0
CY2023Q3,Direct Care,70301.8,58787.56,11514.24
CY2023Q3,Medical,871.0,104.0,767.0
CY2023Q3,Nursing,21774.43,16330.529999999999,5443.900000000001
CY2023Q3,Nursing Leadership,3404.46,3404.46,0.0
CY2023Q3,Social Services,1729.41,1729.41,0.0
CY2023Q3,Support Services,1675.22,886.74,788.48
CY2023Q3,Therapy,9656.460000000001,2783.86,6872.6
CY2023Q4,Activities,3171.14,3003.97,167.17
CY2023Q4,Administration,637.0,455.0,182.0
CY2023Q4,Direct Care,70034.63,66194.34,3840.29
CY2023Q4,Medical,871.0,104.0,767.0
CY2023Q4,Nursing,20522.47,16428.61,4093.86
CY2023Q4,Nursing Leadership,3606.02,3606.02,0.0
CY2023Q4,Social Services,1787.19,1787.19,0.0
CY2023Q4,Support Services,2076.56,1282.17,794.39
CY2023Q4,Therapy,7602.67,2403.04,5199.63
CY2024Q1,Activities,3687.95,3217.86,470.09
CY2024Q1,Administration,637.0,455.0,182.0
CY2024Q1,Direct Care,67096.51,64808.39,2288.12
CY2024Q1,Medical,871.0,104.0,767.0
CY2024Q1,Nursing,18869.81,13940.97,4928.84
CY2024Q1,Nursing Leadership,4514.469999999999,4514.469999999999,0.0
CY2024Q1,Social Services,1945.06,1945.06,0.0
CY2024Q1,Support Services,2027.2800000000002,1077.9,949.38
CY2024Q1,Therapy,8740.03,2258.09,6481.9400000000005
CY2024Q2,Activities,3395.31,3163.94,231.37
CY2024Q2,Administration,595.0,413.0,182.0
CY2024Q2,Direct Care,66685.78,65251.28,1434.5
CY2024Q2,Medical,857.0,104.0,753.0
CY2024Q2,Nursing,19714.05,13162.849999999999,6551.200000000001
CY2024Q2,Nursing Leadership,4873.21,4873.21,0.0
CY2024Q2,Social Services,2130.46,2130.46,0.0
CY2024Q2,Support Services,1728.67,1317.17,411.5
CY2024Q2,Therapy,8318.35,2259.65,6058.7
CY2024Q3,Activities,3716.23,2997.48,718.75
CY2024Q3,Administration,639.8,455.0,184.79999999999998
CY2024Q3,Direct Care,68417.52,66788.24,1629.28
CY2024Q3,Medical,882.0,108.0,774.0
CY2024Q3,Nursing,20816.87,14891.779999999999,5925.09
CY2024Q3,Nursing Leadership,4337.91,4337.91,0.0
CY2024Q3,Social Services,2050.97,2050.97,0.0
CY2024Q3,Support Services,1954.34,1272.45,681.89
CY2024Q3,Therapy,9815.06,2335.71,7479.35
CY2024Q4,Activities,3271.9,2825.53,446.37
CY2024Q4,Administration,604.8,420.0,184.79999999999998
CY2024Q4,Direct Care,68109.43,67348.46,760.97
CY2024Q4,Medical,860.0,104.0,756.0
CY2024Q4,Nursing,21905.43,15513.149999999998,6392.28
CY2024Q4,Nursing Leadership,4555.98,4555.98,0.0
CY2024Q4,Social Services,1935.29,1935.29,0.0
CY2024Q4,Support Services,2538.01,1309.42,1228.59
CY2024Q4,Therapy,10033.65,1976.04,8057.610000000001
CY2025Q1,Activities,3427.8,3173.02,254.78
CY2025Q1,Administration,582.4,448.0,134.39999999999998
CY2025Q1,Direct Care,66169.01,65793.48,375.53
CY2025Q1,Medical,840.0,104.0,736.0
CY2025Q1,Nursing,20303.53,13938.400000000001,6365.13
CY2025Q1,Nursing Leadership,4257.88,4257.88,0.0
CY2025Q1,Social Services,1639.96,1639.96,0.0
CY2025Q1,Support Services,2359.03,1047.15,1311.88
CY2025Q1,Therapy,9708.27,1930.08,7778.1900000000005
CY2025Q2,Activities,3355.71,3355.71,0.0
CY2025Q2,Administration,504.0,504.0,0.0
CY2025Q2,Direct Care,66896.2,66602.95,293.25
CY2025Q2,Medical,850.0,104.0,746.0
CY2025Q2,Nursing,22041.71,14875.7,7166.01
CY2025Q2,Nursing Leadership,4199.42,4199.42,0.0
CY2025Q2,Social Services,1553.63,1553.63,0.0
CY2025Q2,Support Services,2259.15,1065.99,1193.16
CY2025Q2,Therapy,9718.12,1920.0100000000002,7798.110000000001
CY2025Q3,Activities,3550.49,3550.49,0.0
CY2025Q3,Administration,448.0,448.0,0.0
CY2025Q3,Direct Care,67071.41,66753.37,318.04
CY2025Q3,Medical,888.0,104.0,784.0
CY2025Q3,Nursing,20984.54,13953.079999999998,7031.46
CY2025Q3,Nursing Leadership,5488.8,5488.8,0.0
CY2025Q3,Social Services,1703.32,1703.32,0.0
CY2025Q3,Support Services,1858.06,930.96,927.1
CY2025Q3,Therapy,9676.32,1843.1,7833.219999999999
