State,Total_Estimated_Staffing_Requirements,Min_Staffing,Max_Staffing,Value_Type,Is_Federal_Minimum,Display_Text,State_Code_URL,State_Code_Citation,Legislation_Text
Alabama,0.30 HPRD,0.3,0.3,single,True,Federal Minimum (0.30 HPRD),,,
Alaska,0.38 HPRD,0.38,0.38,single,False,State Standard: 0.38 HPRD,,,
Arizona,0.54 HPRD,0.54,0.54,single,False,State Standard: 0.54 HPRD,,,
Arkansas,3.42 HPRD,3.42,3.42,single,False,State Standard: 3.42 HPRD,,,
California,3.56 HPRD,3.56,3.56,single,False,State Standard: 3.56 HPRD,,,
Colorado,2.06 HPRD,2.06,2.06,single,False,State Standard: 2.06 HPRD,,,
Connecticut,3.06 HPRD,3.06,3.06,single,False,State Standard: 3.06 HPRD,,,
Delaware,3.34 HPRD,3.34,3.34,single,False,State Standard: 3.34 HPRD,,,
District of Columbia,3.56—4.16 HPRD,3.56,4.16,range,False,State Standard: 3.56—4.16 HPRD,,,
Florida,3.66 HPRD,3.66,3.66,single,False,State Standard: 3.66 HPRD,,,
Georgia,2.06 HPRD,2.06,2.06,single,False,State Standard: 2.06 HPRD,,,
Hawaii,0.30 HPRD,0.3,0.3,single,True,Federal Minimum (0.30 HPRD),,,
Idaho,2.46 HPRD,2.46,2.46,single,False,State Standard: 2.46 HPRD,,,
Illinois,2.56—3.86 HPRD,2.56,3.86,range,False,State Standard: 2.56—3.86 HPRD,,,
Indiana,0.56 HPRD,0.56,0.56,single,False,State Standard: 0.56 HPRD,,,
Iowa,1.76—2.06 HPRD,1.76,2.06,range,False,State Standard: 1.76—2.06 HPRD,,,
Kansas,1.91—2.06 HPRD,1.91,2.06,range,False,State Standard: 1.91—2.06 HPRD,,,
Kentucky,0.30 HPRD,0.3,0.3,single,True,Federal Minimum (0.30 HPRD),,,
Louisiana,2.41 HPRD,2.41,2.41,single,False,State Standard: 2.41 HPRD,,,
Maine,3.02 HPRD,3.02,3.02,single,False,State Standard: 3.02 HPRD,,,
Maryland,3.06 HPRD,3.06,3.06,single,False,State Standard: 3.06 HPRD,,,
Massachusetts,3.64 HPRD,3.64,3.64,single,False,State Standard: 3.64 HPRD,,,
Michigan,2.31 HPRD,2.31,2.31,single,False,State Standard: 2.31 HPRD,,,
Minnesota,2.06 HPRD,2.06,2.06,single,False,State Standard: 2.06 HPRD,,,
Mississippi,2.86 HPRD,2.86,2.86,single,False,State Standard: 2.86 HPRD,,,
Missouri,0.30 HPRD,0.3,0.3,single,True,Federal Minimum (0.30 HPRD),,,
Montana,1.90 HPRD,1.9,1.9,single,False,State Standard: 1.9 HPRD,,,
Nebraska,0.30 HPRD,0.3,0.3,single,True,Federal Minimum (0.30 HPRD),,,
Nevada,0.30 HPRD,0.3,0.3,single,True,Federal Minimum (0.30 HPRD),,,
New Hampshire,0.30 HPRD,0.3,0.3,single,True,Federal Minimum (0.30 HPRD),,,
New Jersey,2.56 HPRD,2.56,2.56,single,False,State Standard: 2.56 HPRD,,,
New Mexico,2.56 HPRD,2.56,2.56,single,False,State Standard: 2.56 HPRD,,,
New York,3.56 HPRD,3.56,3.56,single,False,State Standard: 3.56 HPRD,,,
North Carolina,0.30 HPRD,0.3,0.3,single,True,Federal Minimum (0.30 HPRD),,,
North Dakota,0.30 HPRD,0.3,0.3,single,True,Federal Minimum (0.30 HPRD),,,
Ohio,2.56 HPRD,2.56,2.56,single,False,State Standard: 2.56 HPRD,,,
Oklahoma,2.92 HPRD,2.92,2.92,single,False,State Standard: 2.92 HPRD,,,
Oregon,2.46 HPRD,2.46,2.46,single,False,State Standard: 2.46 HPRD,,,
Pennsylvania,2.76 HPRD,2.76,2.76,single,False,State Standard: 2.76 HPRD,,,
Rhode Island,3.64 HPRD,3.64,3.64,single,False,State Standard: 3.64 HPRD,,,
South Carolina,2.01 HPRD,2.01,2.01,single,False,State Standard: 2.01 HPRD,,,
South Dakota,0.30 HPRD,0.3,0.3,single,True,Federal Minimum (0.30 HPRD),,,
Tennessee,2.06 HPRD,2.06,2.06,single,False,State Standard: 2.06 HPRD,,,
Texas,0.46 HPRD,0.46,0.46,single,False,State Standard: 0.46 HPRD,,,
Utah,0.30 HPRD,0.3,0.3,single,True,Federal Minimum (0.30 HPRD),https://le.utah.gov/xcode/Title26/Chapter21/26-21.html,Utah Code Title 26 Ch. 21,"For Utah nursing homes, state legislation requires: (b) The facility shall employ a RN for at least eight consecutive hours a day, seven days a week. (c) The facility shall designate a RN to serve as the DON on a full-time basis. A person may not concurrently serve as the DON and as a charge nurse. A skilled level of care facility must provide 24-hour licensed nursing services. (a) The facility shall ensure that nursing staff are present on the premises at all times to meet the needs of residents. A licensed nurse shall serve as charge nurse on each shift."
Vermont,3.06 HPRD,3.06,3.06,single,False,State Standard: 3.06 HPRD,,,
Virginia,0.30 HPRD,0.3,0.3,single,True,Federal Minimum (0.30 HPRD),,,
Washington,3.46 HPRD,3.46,3.46,single,False,State Standard: 3.46 HPRD,,,
West Virginia,2.25 HPRD,2.25,2.25,single,False,State Standard: 2.25 HPRD,https://code.wvlegislature.gov/64-8-14.html,WVC Title 64 §8.14,"West Virginia requires at least 2.25 HPRD total nursing personnel (RNs, LPNs, CNAs) per resident per day statewide (WVC Title 64, §8.14). An RN must be on duty 8 consecutive hours every day; in facilities with fewer than 60 beds the DON may satisfy this. The DON must be an RN on duty full-time at least 5 days per week, 8 hours per day on day shift. Licensed nurse and nurse aide time may be combined so long as total meets the 2.25 HPRD minimum; a licensed nurse must serve as charge nurse on each shift."
Wisconsin,2.06—3.31 HPRD,2.06,3.31,range,False,State Standard: 2.06—3.31 HPRD,,,
Wyoming,1.56—2.31 HPRD,1.56,2.31,range,False,State Standard: 1.56—2.31 HPRD,,,
